timestamp,sound,pressure,temp,humidity,voc,pm1.0,pm2.5,pm10,CO2
2022-11-07 00:00:00,0.928749749990816,1012.0654580806216,24.8503015472787,35.85748173846905,29446.19532554257,25.85475792988314,37.35308848080133,44.924874791318864,425.76711185308847
2022-11-07 00:10:00,0.925972715754924,-674.7073453223711,-0.0063259246038285255,-0.0195960234759056,-222.0653878724661,25.64751364921477,36.28040673211705,44.312413816683744,17.502144241385906
2022-11-07 00:20:00,0.9206058300217632,-0.0730192806988725,0.053383820566484275,-0.086499749473738,5.292346801892563,25.52851858004908,36.38373307435469,43.85466967639743,-12.54692570747278
2022-11-07 00:30:00,0.918829412483003,0.0384720171499566,-0.2353148931136495,0.4520192949325121,64.24589107093925,25.50277186441429,36.58596465985172,43.81559304993135,-3.962785470632923
2022-11-07 00:40:00,0.9244033638450012,0.1847744857983571,0.26708644470526366,-0.52672689655261,128.97264632281076,25.415085869101627,36.51020050059922,43.6847805591793,4.5750323566243765
2022-11-07 00:50:00,0.9257844070476628,-0.1378109138660193,-0.13170541349506948,0.2549669450118017,466.5752904879555,25.407007859968388,36.36552868412421,44.7629101868343,0.5510062026567653
2022-11-07 01:00:00,0.9260883127638896,-0.0049242549554264,-0.05760250147011803,0.1053670826350057,198.25087375571457,25.31592326327535,36.60098103606088,44.06183667013399,-7.056375092106123
2022-11-07 01:10:00,0.9337815840292666,0.0802507217041466,0.11258915600457797,-0.244424994920422,189.44398544849537,25.540103384825525,36.6612969097871,44.34716027176663,1.8096310743489423
2022-11-07 01:20:00,0.9275742442637764,-0.0856212052741511,-0.08680966196894957,0.1909528492753196,-197.20196582811693,25.50026988610759,36.69309942447836,43.91249505741962,-2.184204690193667
2022-11-07 01:30:00,0.9234149464089728,-0.0221823767178648,0.007838244231930247,-0.0729556356289293,-197.55289002011705,25.25392986903829,36.077970566011565,43.425521551199886,2.554723516537478
2022-11-07 01:40:00,0.9208706830100554,-0.0103779246488784,0.15736124054735257,-0.3072486452470286,179.34375556682426,25.52857956687836,36.68687119734837,43.97113777269239,-1.4050176099938767
2022-11-07 01:50:00,0.9207160305689898,0.0405443663113374,-0.19530842720092423,0.3885572399195922,-34.914521004535345,25.347432595078736,36.2718054265408,43.66382985999001,7.033197417128349
2022-11-07 02:00:00,0.9180346072932556,0.0522299285017879,0.097609317217902,-0.2087980866498853,-202.09384254716133,24.8113870243047,36.05724231049216,43.85221565042886,12.637380686803
2022-11-07 02:10:00,0.9167772677266162,-0.066864146917851,-0.0419217737210289,0.0959741869072487,71.14733692787559,25.69297646500875,36.54887814714058,43.86351858390986,-19.189272110199735
2022-11-07 02:20:00,0.9190566041262452,-0.0482520027532018,-0.1391761560521232,0.276483309699401,74.37415230435727,25.15110881203792,35.93226536076364,43.196924742793165,1.5488027638355677
2022-11-07 02:30:00,0.92285146619404,0.027986506465254,0.19871450809136348,-0.4098692929543617,64.04621661471174,25.473541177116413,36.459416874351255,43.80681366515418,-5.746919789774267
2022-11-07 02:40:00,0.9269421719357,0.0185436787608068,-0.11475136707496603,0.2520138137227761,-52.39966727318824,25.305937359594623,36.74906756227924,44.23844227735472,19.017724020397797
2022-11-07 02:50:00,0.9285128293352682,0.0465134179700044,-0.012394272331871292,0.0009323707563027,-79.76390153984903,25.13505105803081,36.302961012421946,44.292704850999165,-5.903048478074311
2022-11-07 03:00:00,0.9264486452653524,-0.0926344403052326,0.2739291462712963,-0.5235252268949395,150.36533938207867,25.37587107608113,36.36882425438142,44.18973288984171,-22.401819270296585
2022-11-07 03:10:00,0.9265844561739732,0.0541481206837488,-0.07926232398887478,0.1275936357145681,-4.589381465066253,24.98832215981006,35.98894819278151,43.19705618453176,13.435428232866798
2022-11-07 03:20:00,0.936153640284199,0.070397707499751,-0.09264706853920046,0.1657874924563316,-111.60818120181284,24.935013420604605,35.989296821728864,43.44165394075843,6.93444754662039
2022-11-07 03:30:00,0.9308822367497422,-0.0848273619295696,0.05423451771373067,-0.0954508265499782,36.95366550525432,24.890874238207445,36.07471491587899,43.88547008946272,1.219778264528145
2022-11-07 03:40:00,0.9392478762074734,-0.0095355188632311,-0.19259013983423046,0.3623253069955439,34.39693084952523,24.66340247383481,35.845164989445934,43.264253921584064,-14.751641956032016
2022-11-07 03:50:00,0.9402214618491064,-0.020236474000967,0.2325030995568511,-0.4630920742967888,61.53571995712628,25.029294060490184,36.35574431763726,43.82175889355994,16.849874590296622
2022-11-07 04:00:00,0.9347886916357688,0.0231016445577552,-0.050182974223886845,0.0818791061921473,-74.81931303131569,24.8409467951938,36.15452830832216,44.02664472349602,-13.858664965515004
2022-11-07 04:10:00,0.9311256044009136,-0.0011975971372066,-0.11654221928480268,0.1894166063236824,-48.08225852295436,24.303466320091704,35.63509897054454,42.72239676668325,23.89302775876945
2022-11-07 04:20:00,0.9324488263255806,-0.1536784070164003,0.1510146617999908,-0.3135551998946866,103.24486855079886,24.579400985517545,35.48420866249936,42.66626762482685,-13.581250980005109
2022-11-07 04:30:00,0.9292738834673594,0.175431874244623,-0.07977476723339194,0.157616755848224,-21.46168732528531,24.69193464575264,35.6842086675365,42.697695692438536,-5.1163894302512745
2022-11-07 04:40:00,0.9283621440599644,0.1374905491849176,0.01085548677932735,-0.0442008463156042,-46.61394216314147,24.29027580824492,35.55914398894086,42.84080659198524,7.198794354912479
2022-11-07 04:50:00,0.9240522371887716,-0.1834964685751856,-0.019078138010584667,0.067428220781295,59.346796670106414,24.813679664141613,35.8366290426796,43.436388076007496,-11.437563556082123
2022-11-07 05:00:00,0.9276467312733526,0.0894443118335175,-0.11111023302192535,0.1991546481620218,18.738469916210303,24.523649879387342,35.543193164774834,42.792600131164,-0.9828989525100836
2022-11-07 05:10:00,0.9238142082374844,-0.0222442375097671,0.21218551781065287,-0.4648817207787843,-0.7451185600111785,24.51617353456292,35.56403357491636,42.18745134362778,-1.3349243120101733
2022-11-07 05:20:00,0.9239903651953716,-0.0428877943468251,0.05568336474095048,-0.1236515224133114,-57.46112528360027,24.237859603228497,35.52236622942335,42.42839015518123,-3.717021904205581
2022-11-07 05:30:00,0.9320776474171883,0.0093145670712146,-0.1719692611471757,0.3290390498500102,-33.38261619808327,24.428752557092352,35.40737912426725,42.60172222278784,17.51235907827072
2022-11-07 05:40:00,0.9367950031173444,0.0567846637505908,0.24589331349802634,-0.4869479332069559,75.96467086742996,24.40043444509047,35.437427357544514,42.47998669473021,-7.189612792920912
2022-11-07 05:50:00,0.94111431511275,-0.0187352074730142,-0.16157550634789786,0.319856932021338,-21.35116894948078,24.151284037784983,35.26412561654544,42.23664029099884,14.55341063386959
2022-11-07 06:00:00,0.9395409626097206,0.0868779688642007,-0.0923823804908146,0.205395225703036,9.013805626240355,24.563003223801,35.9417087236951,43.06922389344211,-21.933988908705544
2022-11-07 06:10:00,0.9329651664582356,-0.0304862726917463,0.1910345575779573,-0.3919954428867314,-23.821978172898525,24.527144187499943,35.66406075908635,42.65480544264607,-1.83327937111892
2022-11-07 06:20:00,0.9314684652960644,-0.0419962363230297,0.030600254676553362,-0.0810317965658313,-4.722027658699517,24.312130168630777,35.46569049514113,42.48557898433435,-0.3174015394354796
2022-11-07 06:30:00,0.941506971590153,0.0146617389931407,0.0477985542030801,-0.1130191951035968,25.7504942350206,24.43882057547326,35.88655635530312,43.46559246391645,11.84942824662761
2022-11-07 06:40:00,0.931754889964567,0.005556291665016,-0.09036116440191932,0.2050012150350326,-33.906020784168504,24.110485165028454,35.54811476408938,43.14772129124561,-0.8209140261151333
2022-11-07 06:50:00,0.9296907058983612,0.0663468549258823,-0.2023858395486826,0.3830800053884644,-18.79932195147921,24.41803629093853,35.65729816961764,42.51335193919492,-4.589593375526533
2022-11-07 07:00:00,0.936059406350668,-0.0415909658560167,0.18352132573615876,-0.3361597767092306,43.51333942072961,24.49635957644403,35.714777193947285,42.9434213627176,-6.660367238834738
2022-11-07 07:10:00,0.9269729723199736,0.0864412777040115,-0.06213259167381224,0.1183439797764336,-13.431972459595272,24.052172601325363,35.34640730573719,42.20081441502946,14.649837705448816
2022-11-07 07:20:00,0.9314657559975944,-0.0250278413242313,-0.12471797780330363,0.8428651595585066,745.1415142030783,27.132228302611008,41.79649513552479,52.157677136171486,-7.73726540714506
2022-11-07 07:30:00,0.9415351900336252,-0.0147351722421262,0.1221323781866559,0.428800659467214,977.7696749426505,29.239276566171057,46.05948427557344,58.73645810435799,11.935865078910012
2022-11-07 07:40:00,0.9381625705703796,0.0633851958953073,-0.3253295587524647,0.9429542523457854,266.5417597685373,31.027757294703864,48.78721663218741,62.81311102246552,4.543700521353401
2022-11-07 07:50:00,0.9363592674520596,-0.1579788668508399,0.10693874479549592,0.0250544376594632,357.4495457142948,56.380275639305296,90.25451186722792,104.07553420142315,15.4469700080777
2022-11-07 08:00:00,0.9357595096404852,-0.0367749762842777,-0.1898456657961276,0.1628208666755952,0.0796128040637995,73.28391076998943,108.3339035936033,121.9426334844119,-3.3665274208809137
2022-11-07 08:10:00,0.9467864022616764,0.0456323229408326,-0.6830528770911606,1.4770400328323845,30.231992524306406,65.54591468910017,91.69980794077296,102.85871308924244,15.441317854698127
2022-11-07 08:20:00,0.6039212407965245,-0.0753408015201557,0.03135152242289152,0.0955470164899097,-138.5610289109245,80.66145376395899,105.71561913110524,114.16706782750832,14.06060721862218
2022-11-07 08:30:00,0.5733000974785246,0.0727461491686654,0.231222503737051,-0.4126129023787257,223.32931139699576,93.2979019293175,120.07190835225566,129.05705409236188,7.820964306615338
2022-11-07 08:40:00,0.4600901991862925,-0.0712159081987238,0.2791556562383235,-0.6260081064489711,-439.60538480470495,86.22144073066261,117.86730863900692,130.88590750331528,-22.289159261570887
2022-11-07 08:50:00,0.5924277349532285,0.0734929395434846,-0.11095739049527964,0.4207239577579997,350.5978957072548,77.71834277846129,111.18504290715398,127.39083281529808,17.648736128577468
2022-11-07 09:00:00,0.5233025517475607,-0.0365739113848349,0.2278819631069311,-0.3985308467443929,-467.975055170642,84.00117055438248,121.39277138603106,142.82951715159905,-18.61790858168166
2022-11-07 09:10:00,0.5447512088387968,0.0792794937956387,-0.20769655629413108,0.5479015055885057,524.0839625679655,79.74163144923939,109.04110098380168,123.87077868982976,6.743930152772407
2022-11-07 09:20:00,0.576302921273003,-0.0494017857079143,0.11807106644523913,-0.1122990038474114,405.3322879049483,80.4215797928856,107.71593372581644,119.43604939988836,-3.0346378584319496
2022-11-07 09:30:00,0.8893658796715,-0.0293873967025319,-0.5294793154739317,1.273130329886122,-537.380807438949,76.67245631910966,106.94455631139334,120.92514587948294,7.358432988416155
2022-11-07 09:40:00,0.5645700287161906,0.0281715841088043,0.9696274336746775,-2.0398547628029178,-449.6517626999921,88.53995038120745,118.99493783754994,131.908729384134,3.0853635792834098
2022-11-07 09:50:00,0.6964503504367706,-0.0069725032706173,-0.5476976833182405,1.262359742795283,-333.70878233320764,90.9588734619574,121.0094653137356,134.56721739998088,-8.269318537990841
2022-11-07 10:00:00,0.740552551438951,-0.0384026251227851,0.22084380088501732,-0.5145798148624863,-158.43544510524225,69.7845151894298,99.99436593334674,112.16593924436452,3.784256287912114
2022-11-07 10:10:00,0.9518359248580842,0.1453007566665292,-0.19446582268916401,0.5091923565974454,-79.97290568476092,68.96565219161285,98.65120103456202,112.6288285129219,-6.9491641135217606
2022-11-07 10:20:00,0.5120362857912323,-0.076287258856837,0.8558173727002973,-1.846145842731893,166.66850877605975,85.74813309036749,121.60332675865978,138.2765897911716,8.813449138322994
2022-11-07 10:30:00,0.5982060964871522,0.0449532601203372,-0.6799343079360014,1.4465124914228156,276.2940576334149,87.25837254140222,121.28867715752814,136.97522796874665,-7.067431258635793
2022-11-07 10:40:00,1.3142913056169945,-0.0641525786220427,0.06958506502405015,-0.022342629914732,173.2523748968997,68.87869852427431,100.79753588765338,114.99729647959566,4.860365612025476
2022-11-07 10:50:00,1.4259735625728975,-0.0344214611707229,0.4635997325296728,-1.148133305527331,-475.1722295980581,64.95061834707525,97.3233670267114,111.21150001993576,-26.944436282879337
2022-11-07 11:00:00,1.401013767615924,-0.0315967289005811,0.3279291582703934,-0.8266661034645679,-168.5128248479632,66.94689299069609,98.88335640899366,112.00457953725206,12.129534441998372
2022-11-07 11:10:00,1.3470882068502863,-0.0171451650735434,0.15215661487988896,-0.3926521163970236,128.29159973737842,72.39819440900418,108.13450749152024,123.33458132322154,18.90370598458065
2022-11-07 11:20:00,0.8032511588782507,-0.0116982520545434,-0.4346330205044566,0.970631282171162,50.11866212085442,101.45748707976738,142.7582150843425,157.54495580780605,16.675714166745536
2022-11-07 11:30:00,0.6459027570246396,0.0039764810776432,0.09679640613467555,-0.1438137134752679,228.42796548883047,102.05291768863904,152.82841019585084,170.34981160644512,-4.770189043025596
2022-11-07 11:40:00,0.5620028890540577,0.0012952316126302,-0.02977536229965594,0.1981531178125166,249.006838328758,110.1284728284626,159.97961451884476,179.54740042002578,0.0563514047290709
2022-11-07 11:50:00,0.5886247831695948,0.0338187804571816,-0.7117697674424726,1.5430752214726695,146.43302132736426,109.60189716981766,158.09631941629902,176.21450174138033,18.347622448588425
2022-11-07 12:00:00,0.571479315226376,-0.0539586923295019,0.5130680119752533,-0.9650816984205122,120.58651539383936,116.39301238341412,160.05232791459207,174.82950398635333,-38.951684903151374
2022-11-07 12:10:00,0.5071225971719633,0.0414282999286115,0.31133340719797786,-0.6408944188020627,-345.912075952092,88.73457392838486,129.77185316527,144.26870067117855,11.69642238218404
2022-11-07 12:20:00,0.664004384304449,-0.0329174773241902,-0.16711684312137365,0.3574974867175271,-659.0904788937478,84.35470294210606,122.35934180606718,135.99402740041603,-10.640598616225644
2022-11-07 12:30:00,0.5922878784551387,-0.0188594364844902,-0.3837649603976061,0.9285410998500296,115.40673140272702,96.94845461312036,132.61910981983172,144.69598207084968,0.949014118618436
2022-11-07 12:40:00,1.062213794581801,0.043367827462589,0.08257154075263173,-0.1891440536593904,208.76815264984543,72.9038699443389,107.44344782559573,121.75336984595168,3.12494678634647
2022-11-07 12:50:00,1.1198831009043766,-0.0256646621586469,0.280232807774091,-0.5591099204526984,196.0919435845972,65.77574272884138,101.07435647788176,115.3265042963572,-3.8549362351095056
2022-11-07 13:00:00,1.1461096239048834,0.0255722214543538,0.044810799698851156,-0.1170631258223835,-149.97048420917417,74.89377745751827,111.23290440682749,127.08909775852358,5.802936825604263
2022-11-07 13:10:00,1.2530449504269745,0.071601907121817,-0.19156038623271598,0.3454962907427585,-487.4078069552743,67.54195622470819,103.32943998864876,118.77760689188712,-0.2540484059885557
2022-11-07 13:20:00,1.350900567039417,-0.0178938789496214,0.20518561507477528,-0.431656138246133,-298.0194256541545,67.26846693167586,100.40878581469066,113.78098000444096,11.219949919768794
2022-11-07 13:30:00,1.3829215889945403,0.0539176683671485,-0.7944629941213464,1.673670237130949,-337.75280407840546,70.56198113428472,104.86071327005298,119.2655066636556,-8.561949924362239
2022-11-07 13:40:00,1.374576107240492,-0.105883541642811,0.04239127047462077,-0.2232132621325178,-230.05304137504208,73.04537384567897,106.46865953587093,120.4052860582643,4.56748541440777
2022-11-07 13:50:00,1.3537204767933682,0.0315336586713783,0.06315995931500851,-0.1793042443224806,-264.3578345956193,66.71149529121337,98.99054327864413,112.09905024686896,-10.86494511639944
2022-11-07 14:00:00,0.8519792704191218,-0.1106166280120533,-0.023963892623044103,0.1133891494675367,150.195565470538,89.37690074047308,125.27195561023082,140.35061229179385,13.958108379849932
2022-11-07 14:10:00,0.5059203486996365,0.0105784899416221,0.8718141510963449,-1.823008550180489,56.30633180788209,95.77838097329544,137.6925202157534,153.36284978659273,5.7165708871243055
2022-11-07 14:20:00,0.629231968880384,0.096276307367475,-0.3462378965342978,0.7682236026630136,505.45880596051575,102.4086192828386,141.06303771053183,154.17396198422134,-5.207073567794282
2022-11-07 14:30:00,0.6534185248524959,0.0043070255165957,-0.6287924419714734,1.4561906269336546,485.48307870598,96.17517313600432,129.6019202471798,140.6917492667895,-26.384431427230997
2022-11-07 14:40:00,0.4872082605312269,0.0132522675947939,0.7191028968047597,-1.585782857532216,209.49065326931668,92.43018913668072,124.27229344661342,134.04336461798957,8.004548536606194
2022-11-07 14:50:00,0.5119891985459032,0.0668967150609205,-0.2563373074424824,0.6694797036903282,-16.128151579774567,98.60118707037752,129.1064818824827,139.27121599715207,1.538203222249308
2022-11-07 15:00:00,0.5684859047886778,-0.0017872392938897,0.22450927525530062,-0.4770713826340298,-731.7056205618137,100.1846815749809,134.1533899976019,145.21614881198605,10.332246387121984
2022-11-07 15:10:00,0.6175165955824284,0.0067607574970907,-0.048869820409539244,0.2264602826371913,353.2286665085121,92.166602228943,125.2448233455901,135.0072980165578,1.0384797848366816
2022-11-07 15:20:00,0.5602090218138309,-0.0875801061902166,0.34007433437633594,-0.7376695372263242,-7.853884736512555,100.23846945534028,134.41464981489966,144.9570631188385,-5.081918639763046
2022-11-07 15:30:00,0.5614744323221601,-0.008193190721272,-0.14287343848096157,0.3258218874725074,-295.3535466428475,97.72482759434182,135.8532021576618,149.1112012775758,7.344384586103615
2022-11-07 15:40:00,0.6166277413654706,0.0063823918784464,0.2731185648189083,-0.4633287504853101,89.54414491853822,87.49518596502223,126.7659029070658,144.80994983184658,11.999220210869566
2022-11-07 15:50:00,1.3911393566141437,0.0846306090828648,-0.6320447261019098,1.4001706404380485,235.1881882734706,61.79979651603649,100.02699228203473,118.97425941245211,-15.458487811224416
2022-11-07 16:00:00,1.439411586452023,-0.0547608710771783,0.7756701072362269,-1.6782955436370344,-190.3211123830952,56.27823877181388,92.83919279039614,113.11478137409549,-9.068414462851765
2022-11-07 16:10:00,1.410771229186896,-0.0733325064130667,0.1920660687054756,-0.4397783359142764,-18.67308903695448,56.143889811821694,92.31327860940812,110.07247065531594,14.404098884031612
2022-11-07 16:20:00,1.3925580164110445,0.0122291394214926,-0.17964201996075602,0.2741050867292074,-122.79213143022208,55.33845169754874,90.63444416680184,106.52106713052324,-3.300608829173882
2022-11-07 16:30:00,1.3738176646379912,0.0627431122180723,0.24651906328377038,-0.5450212644524512,-105.2910492467854,54.88811663173422,89.76240893324183,105.30076097819162,-10.262880234542706
2022-11-07 16:40:00,1.342709711462336,0.0186637780606133,-0.16713267714554192,0.3070653844658437,-45.60360476572896,53.937162626607154,87.72784589134463,102.88310959697816,-4.968341547464775
2022-11-07 16:50:00,1.3243889248794594,-0.0027192010892349,-0.05406386873919544,0.0284402471904954,73.89095558483314,53.950812768820064,87.44292129062326,101.07282853124512,16.707771061991593
2022-11-07 17:00:00,1.3099840331007446,0.0690455121506374,0.1330870821922936,-0.2900034870172305,-11.650840602069366,53.375670093091415,85.6996211582084,98.76969584432896,2.839248054822747
2022-11-07 17:10:00,1.2866352567325277,-0.0321598465924353,-0.24337752599063123,0.4263043596441775,47.499125773661945,53.15776841590606,84.64354282522885,97.94811275176164,-9.122571565199848
2022-11-07 17:20:00,1.2695960160309836,0.0235433560275168,-0.0032437055877139187,-0.058441576539657,-55.53370870109575,52.63377675122331,83.45367062732306,96.4083474671331,9.77684312382206
2022-11-07 17:30:00,1.2482899008186443,-0.0525674470707144,0.007299610559659442,-0.045032681071973,-0.5781780145152879,52.63047008960348,83.59594726898695,96.2399286829426,-14.425325774344516
2022-11-07 17:40:00,1.2320359871922983,-0.0138268873338347,-0.17164948242183797,0.2831007835792078,9.089127179842762,51.72029901710584,82.01832564245568,93.63902522908464,4.2176549276334185
2022-11-07 17:50:00,1.2171819535556423,0.0237045516636271,0.13207387308898078,-0.2984097181374636,-91.7616233888075,51.614288081628665,81.56646700223847,92.81168536863274,-15.60326324112748
2022-11-07 18:00:00,1.2016017596713426,-0.0035267547103785,0.00038464396105197807,-0.0311162625147716,24.426505279880075,51.69814298978828,81.10918401823324,92.14968844313717,17.510617765150528
2022-11-07 18:10:00,1.1848933268323774,0.0285087032224282,-0.2208921891469302,0.3857763681810056,-0.5158632125021541,50.48269751614775,79.40653935040866,89.91802828362233,0.3037219831041398
2022-11-07 18:20:00,1.1683274369621237,-0.0418112974474524,0.21441733883560588,-0.4253555599521093,-45.906472231436055,50.08652446404163,78.71982101835252,89.18321093027264,-6.292722522915938
2022-11-07 18:30:00,1.153671083282888,0.0258061207873652,-0.13134727655108236,0.2373247726825269,-95.86077599618147,49.87946789269103,78.16535376988742,88.23629700104055,3.3999824454139684
2022-11-07 18:40:00,1.1450163194633034,0.003695362357007,-0.02641215994731283,-0.0132501337863715,39.75804935592896,49.02817567083663,77.00729722583017,86.59908730830269,6.865476179984853
2022-11-07 18:50:00,1.125645297692715,-0.0647255075836028,0.1358261619967429,-0.2682599407409469,40.74258510714208,48.93943382089237,75.65671667001162,85.09355358178911,-18.40787143992219
2022-11-07 19:00:00,1.1167901638884072,0.0002430697885529,-0.11818818073107806,0.1957340009374988,-0.4878429987802519,48.5431082791204,74.80034448148494,84.46630991307697,10.259450516841184
2022-11-07 19:10:00,1.1062272042674504,-0.0300303504170642,0.0408364566791235,-0.1270469043421229,-79.55316974759626,48.05593439926616,73.94968150508846,82.74118484096596,-8.686206632257836
2022-11-07 19:20:00,1.093827323326584,0.0368780237703276,-0.06869311357290542,0.1293647044445904,-55.22393841970916,47.106263562463255,72.24891037600833,81.60448627829295,16.04169539810931
2022-11-07 19:30:00,1.079166930461532,-0.0212592137075944,-0.12420116852517182,0.1933545292932024,130.47777675538237,47.37833600161807,72.32998822543546,80.87263979391014,-6.440376952351244
2022-11-07 19:40:00,1.0704180291795504,0.0044030907613432,0.14914733591534102,-0.3263787197305987,-82.90282336061864,46.49527120001284,71.33147926845295,80.18550478087425,2.291126905264548
2022-11-07 19:50:00,1.0593776866405855,0.0535629106138912,-0.1437238898105342,0.2661136211916073,23.48287797925877,45.67811962408449,69.72379296662065,79.10226482328858,-6.13909550008691
2022-11-07 20:00:00,1.0484745084082328,-0.0654754855440842,0.0580468310961173,-0.1745418852904094,-43.44914794500437,45.58601893687006,69.77546120568012,78.82977378513807,7.412361204350645
2022-11-07 20:10:00,1.0394472483398642,0.0415437250546801,0.07600969605038799,-0.1797452836907282,39.23127565321192,45.14134097715368,68.70675368609687,77.90522484131272,-0.3247383349005304
2022-11-07 20:20:00,1.022398596207508,-0.019601100975592,-0.13407366673798649,0.2460951071792791,-51.16972414177144,44.97749351043895,68.06558669139577,77.7280861568751,-20.662340737300724
2022-11-07 20:30:00,1.015915594335634,0.0256986220668977,0.13840752626580866,-0.3356139360003638,25.26052056881599,44.394432095772274,66.9734827968428,76.72140963140589,15.943409196595669
2022-11-07 20:40:00,1.0103053295255744,0.0381772544255909,-0.1162265111209777,0.2154341792461664,73.69705947821058,43.92556828467189,66.03643604231554,76.52389707427841,-0.030678938968208
2022-11-07 20:50:00,1.0021467754590216,-0.0234037794496089,-0.20496306372976747,0.3708187830172704,-56.20925712509779,43.11254327339977,65.19188807807518,75.6977325391946,-10.239151631886614
2022-11-07 21:00:00,0.994554355983586,0.0057944968597212,0.2718953377579645,-0.5722895206991936,-46.73983689529632,42.96791106709726,64.42814249517947,75.19569972275154,3.4319261799751075
2022-11-07 21:10:00,0.991855457433482,0.0126889860142682,-0.12750479544076398,0.2269849736976965,58.79992700613366,41.83071729057424,62.71101093641028,74.26350943479633,-5.863358801908134
2022-11-07 21:20:00,0.982084554563504,6.91904757559314e-05,-0.1563057778550423,0.2717286501237552,30.64877424999941,40.89446885791254,61.40164263436397,73.15634857663166,9.924739842019392
2022-11-07 21:30:00,0.9845804003029316,-0.0313348615749191,0.2179297305407708,-0.4476097730314023,-39.47776312950009,40.62494101045563,60.806534592185336,72.85678202875053,5.013001266882839
2022-11-07 21:40:00,0.9761233122128384,-0.0106466328061287,-0.2141988427534507,0.3970442440347952,-9.166820884580376,40.11618092181206,60.02877570423693,72.77948289472555,-10.837449415975923
2022-11-07 21:50:00,0.9743428753099064,-0.0133914206323879,0.09106628344258638,-0.2163627719237411,-2.864350236613973,39.4707421262091,59.12678002742077,71.71522535775273,2.3397170656380126
2022-11-07 22:00:00,0.971389824018388,-0.0359417515869608,-0.041045645489973026,0.0649423002399984,39.19745203032289,39.08281601410113,57.63059780689414,71.17192995370975,-6.986500203471792
2022-11-07 22:10:00,0.967034206086765,0.0169468454894285,-0.2330244289237413,0.4367986585690175,41.5840706615636,38.594024976541085,57.51292406705221,71.11021104068499,5.151439863725045
2022-11-07 22:20:00,0.9663914253311576,0.0306563138781257,0.13705208969086513,-0.3155171943005683,-33.08212806724623,38.28272582736545,56.453287832770414,70.31655780661741,5.794238385427889
2022-11-07 22:30:00,0.9666321385551736,-0.0076337401168302,-0.05429862962548526,0.1103164954848878,78.01836536543851,37.69139193504742,56.16036954619761,69.80295490531587,-8.995887409774696
2022-11-07 22:40:00,0.9608564692904988,-0.0916891633189607,-0.20658210330557836,0.3543632273644306,69.82887626535012,37.23424294434069,55.430580542216,69.38762021051494,-4.427572351722688
2022-11-07 22:50:00,0.9552475475791018,0.0427192284524835,0.2449693668617705,-0.4931650057414032,-61.13504930962517,36.4354197703954,54.207424733824695,68.22218974326248,2.559006366719529
2022-11-07 23:00:00,0.9544541523471,0.0052429607166004,-0.2196770098910399,0.4083385059647995,-32.2785855878501,36.047479012249006,53.23939982282887,67.92446810053494,6.722142480070886
2022-11-07 23:10:00,0.952048410198286,-0.0007697910717752,0.0071157228615845725,-0.0548573888409791,-142.67993993946584,35.58867670766415,52.80307117404053,66.98742457266654,-18.29315494638098
2022-11-07 23:20:00,0.9525661406828844,0.039184881951428,0.07272284891099545,-0.137501767687489,-27.458223816851387,35.438197406828635,52.4924292454154,66.61966087924179,6.142139183966947
2022-11-07 23:30:00,0.9477842388241006,0.0384126338772148,-0.24659312344313733,0.4842973626464228,23.447825681665563,35.12849398069421,52.03828776400012,66.24094102301913,8.08231333945838
2022-11-07 23:40:00,0.9502747113231268,-0.0697953285526864,0.23408373877907707,-0.4966377253719045,-12.792876274488664,34.80377191131394,51.4640503309781,65.31295059451132,3.879388365176738
2022-11-07 23:50:00,0.9502518621772296,0.0353692988612692,-0.07266745200485403,0.1453455273647534,50.2823247531378,34.77237124193946,51.39726955954769,65.31674999944967,-8.776583894023076
2022-11-08 00:00:00,0.0260984621435027,-202.4126565377132,-12.505818532354926,-17.78904674678264,-15233.1033484097,8.330323025677085,13.39969906788928,18.98125223422304,-222.3814040546493
2022-11-08 00:10:00,0.0056570227693751,337.3302392052037,0.22136926563657866,-0.4272439220434236,374.0400932440025,2.331920826915592,3.385952139606438,3.940106967786207,-13.19125653268992
2022-11-08 00:20:00,0.0162862405849918,0.1013990621790981,-0.0904045231988384,0.2060452023119481,-5.6294468602282,2.078006080584234,1.743742528414252,2.277093818763511,3.93251194977438
2022-11-08 00:30:00,0.017436609598337,-0.0086877335365898,0.11753801775393669,-0.2648815194020812,-92.83334289496996,2.004511180455633,1.9894604424415967,2.395964175130516,6.6611358718780025
2022-11-08 00:40:00,-0.0005779335297139,-0.214496964769296,-0.0618871505604659,0.1124794488523406,-196.8600794336562,1.9259369466568608,1.832794635911931,2.4435537683907143,2.4311491202537354
2022-11-08 00:50:00,0.0024826263175771,0.0734130712966134,-0.1288241972216504,0.2822992645900513,-764.2525693809985,1.917609766017673,1.820694244342647,1.2014745352012852,1.6866924613322
2022-11-08 01:00:00,-6.350083899253622e-05,0.0256446713668765,0.1367980066470338,-0.3548190404337035,-190.5002160977274,2.227712107252323,2.0694289465043525,2.9562855481776964,-1.6676734073733996
2022-11-08 01:10:00,-0.0065227177231235,-0.1153808486536718,-0.07692068608533376,0.1929492195677511,-290.7740849919028,1.5955974749770263,1.834031754472868,1.939545864087272,1.393296931407349
2022-11-08 01:20:00,0.0105730371865371,0.0596673884085703,-0.08658900323870711,0.1408861535430006,299.12637537662886,1.8306146793803608,1.570826702765281,2.390199242131402,8.76749353548405
2022-11-08 01:30:00,0.0093790355554725,0.001743030618627,0.10908046192651,-0.2667102332059485,256.8521145528248,1.8221897204375352,1.9732800378942343,2.2437727024571004,1.228087151207717
2022-11-08 01:40:00,0.0070935131636764,0.0013666072467231,-0.14567269768491897,0.347590268595475,-495.9778523942623,1.8984960341275248,1.35172079723516,1.5784247124271502,-0.269404493581078
2022-11-08 01:50:00,0.0146705983616217,-0.0798459640282089,-0.02948152422804995,0.0042020247451688,31.674365362552635,1.677867758829244,1.6336402229772986,1.7952730958776897,-16.728301939551784
2022-11-08 02:00:00,0.004388394632261,-0.0961755474078245,0.18068543948526639,-0.3378741116811383,237.10236665642515,2.27927106534273,2.16920920076371,2.1723228828279275,-17.60957602260794
2022-11-08 02:10:00,0.0034753776635946,0.0688291005092196,-0.0006828094790343187,0.0425387981790663,-95.8827297183816,1.0839715246250563,1.3170530691217266,1.8882906195358304,15.947921157386077
2022-11-08 02:20:00,0.0029531592700452,-0.0045175463565101,0.03747443005206108,-0.1370387888019735,21.17232854387112,1.9024984361118875,1.832540937352391,2.311471757187192,4.370737464635283
2022-11-08 02:30:00,0.0045681337949564,0.0292473476833947,-0.04125377181553702,0.1511054731554324,-212.89676714394955,1.8142914275853457,1.7805303292498564,1.8053031735729728,-6.932791796582535
2022-11-08 02:40:00,0.0037603156737396,0.0343741355633255,-0.02357431502977292,-0.027412214810738,132.20610761339412,1.828064653349223,1.147361508472578,1.3355793858578622,-10.591701723648498
2022-11-08 02:50:00,0.004598310374687,-0.0821345077918067,0.1536717733331514,-0.3492154996647585,101.47106002736837,1.8520017355366176,1.9244295448989768,1.9008250559494184,-3.7284657229223512
2022-11-08 03:00:00,0.0033348575845553,0.0769982173696917,-0.14031751138000814,0.3447266265894768,-250.51295802353343,1.4886543549085935,1.7844973115022356,2.0239645981365584,21.300555481244544
2022-11-08 03:10:00,-0.0022402037671355,-0.0065616734083278,-0.13365562258196206,0.2502775114664857,106.0057917706472,1.8224269574161944,1.9471860693523129,2.8571020535732714,-5.307653320972577
2022-11-08 03:20:00,-0.0046150752175072,-0.0310990625910108,0.15998952463612426,-0.3694685139440068,30.55063123168657,1.8149228387854703,1.899602789331944,2.0331619233825435,-11.85610167951171
2022-11-08 03:30:00,-0.0075344973273724,0.1052317585329092,0.07341099567126719,-0.1263038937629303,-92.56981608298884,1.7882682438881865,1.1676023589458635,0.8527035353605328,-7.408187014157534
2022-11-08 03:40:00,-0.0167713943723756,-0.0027208601935626,0.11797705133870551,-0.2783258419961782,72.61325630364445,1.9678937895447923,2.192534822212778,2.8813327933843382,22.00026475528915
2022-11-08 03:50:00,-0.0050978829537949,0.0902221680963748,-0.041388554167706815,0.1422625130794514,-163.72727040831523,1.285911461609981,1.3014579440608216,1.753834502581071,-18.773337761669893
2022-11-08 04:00:00,0.0015078687244074,0.060280431807655,-0.1088369221046861,0.2723843247415587,147.58796081707624,1.8227545438286648,1.532308505736253,1.0647577416755567,11.361354976437156
2022-11-08 04:10:00,0.0016660496423709,0.0206717962522589,0.07764206616924696,-0.1415266454256993,27.17227474156607,2.2669022217605743,2.276073508608228,3.1743882515260893,-18.553588851064944
2022-11-08 04:20:00,-0.0008801076239021,0.1749632466335242,0.08205241856642687,-0.0640251833970992,-175.48399542940388,1.66613585326591,2.0070386848943045,2.9776316478367235,-8.177997844357606
2022-11-08 04:30:00,0.0022087413178901,-0.0437586691822389,-0.11834068923396757,0.1415473430527214,132.67892246169868,1.328561802168032,1.2178554924216698,1.378970457280964,-2.677627615895972
2022-11-08 04:40:00,0.0040044758153123,-0.1622190640021017,0.018989130993347203,-0.1342743099780179,-86.66925195384465,2.296245019120665,1.93458359002706,2.251112301251368,-8.425340295237902
2022-11-08 04:50:00,0.0014054335193143,0.0689941073973159,0.16563208114196826,-0.3322879672476446,-47.32259787505609,1.0356738354865342,1.154892793347294,0.6217263660120764,18.104961704096297
2022-11-08 05:00:00,0.0014929022399534,-0.0293700792853996,0.005275361600165951,0.0016352361490632,86.67163989219625,1.879986975339527,2.029907360029661,2.842584274487536,14.156822544544468
2022-11-08 05:10:00,0.0089021942179333,-0.0793130836267437,-0.1551845555560014,0.3974492708239481,-125.5703986087974,1.5812880830799363,1.5915342325877688,2.725546591860762,-12.688117499666989
2022-11-08 05:20:00,0.0014062699405605,-0.0091891263022034,-0.15037860394589586,0.3289787058767075,119.0771250529433,2.0535894678585542,1.7153033305257352,1.799174451929872,25.794828091334807
2022-11-08 05:30:00,-0.0016314192107568,0.0177578409483203,0.11121249647731446,-0.3664255456518148,-44.06492150964914,1.4262464251163358,1.5372006170860928,1.4753338841625665,-15.134398371368832
2022-11-08 05:40:00,-0.0054431567724785,-0.0633193082683192,0.002036029874471268,-0.0645069962946038,-124.64557906832124,1.5103889896958125,1.255747289218604,1.600405058855877,-10.31038230601547
2022-11-08 05:50:00,-0.0069330720358777,0.0123657690172649,0.019222989089055176,-0.1152292391553899,122.53945980498976,2.0973000928326044,2.071376183996243,2.6011208597595896,-24.35537123152858
2022-11-08 06:00:00,-0.0044251498626823,-0.0675764184638865,0.17542525993608393,-0.5059046534248282,-136.2216236367567,1.2977941759222595,0.8649420865801147,0.7165302147983041,22.164780296532115
2022-11-08 06:10:00,-0.002673219968286,-0.0507552912882829,-0.036394676387960345,0.1290400338101776,52.61761218466563,1.5674027062486893,1.6871931114970025,1.820218905481248,8.60098183787943
2022-11-08 06:20:00,0.0033978021842989,0.1022806906888718,0.013995145498675754,0.0611458611963087,29.81508784129619,1.810957673400292,1.9391401609402263,2.331935594906824,5.871898043230942
2022-11-08 06:30:00,-0.0061533162204346,-0.0185647233881809,-0.10808030754439102,0.287064350800378,-101.00923862762647,1.5404279970318164,1.0832461558623834,0.9650383160469715,0.5300507873083689
2022-11-08 06:40:00,0.0070659853622686,0.0315527288693147,0.20069225651955946,-0.4733782570398261,90.60676057740056,1.8838803666880608,1.7000148534510728,1.733299490953712,-3.306233984995913
2022-11-08 06:50:00,0.0064751962957227,-0.1133046759275657,-0.0046868427146264935,-0.0854913402160875,-92.87460254623512,1.4182509315184753,1.627170118561672,2.358198351543983,0.8396712442138323
2022-11-08 07:00:00,-0.0068776090913094,-0.0173064461265539,-0.06438914344809277,0.112133806249524,-48.41598598388009,1.2200912969000015,1.1544120564918074,1.5092448688509918,5.609680912567796
2022-11-08 07:10:00,0.0147860006943211,-0.0541447918537869,-0.003031971039327175,-0.1035845595782873,80.77149495113918,2.067931316887556,1.5016516714204189,2.050277864816671,-1.4594742126186588
2022-11-08 07:20:00,-0.0002192419446277,-0.0355161013917495,0.06734589187305318,-0.8054368767065725,-814.7618502056721,-1.3489666477231488,-4.539357164668296,-7.735459017821434,-2.589395161493428
2022-11-08 07:30:00,0.0014843993969662,-0.0403260852413041,0.05051001451083437,-0.7582126626958328,-787.3576606206552,-1.2201280598614908,-4.163789367402281,-7.187862458023659,-0.6307866944308671
2022-11-08 07:40:00,0.0086009004327167,-0.0747066948428027,0.13282272465784928,-0.5662936252622472,-162.11400023322494,-1.5518452779742375,-2.722035510398868,-4.331922694558493,-12.41491749134309
2022-11-08 07:50:00,0.0138610160613483,0.0462237390397604,-0.2912978849262693,0.4078681301126607,29.06407783744362,-24.16795014865573,-40.05627081477084,-39.15904555058431,-32.90245986738398
2022-11-08 08:00:00,0.1182756147486927,0.0632871525097016,0.04844323482940638,0.0638326743479709,788.842206877729,-3.411373476361298,-0.5495798867858497,-0.7387430052709618,-13.186366564286004
2022-11-08 08:10:00,0.0112745804210541,-0.0105766979683039,0.5339369492566135,-1.4676551097554125,-278.0904319192341,23.40382813914724,32.74539736622344,30.928775857204897,-19.02120359096682
2022-11-08 08:20:00,0.1376956041800167,0.0005603124188837,-0.6278598759709979,1.3082192123991874,278.1592336479516,-1.1338300813136328,-1.6994897977134116,0.6728148736270612,-4.112971641002844
2022-11-08 08:30:00,0.0615634508119085,-0.1565964635570935,-0.6098763863330952,1.3680269868028532,55.49691954026639,-9.07384319286554,-10.774011125121971,-10.9758061814818,-12.51480946876211
2022-11-08 08:40:00,0.0017139528104123,-0.0053672877623967,-0.2384600078987873,0.3847630539315574,523.3321359618967,12.240310892325454,9.29099591611461,5.063131828743096,21.35775319048116
2022-11-08 08:50:00,-0.1951456106372466,-0.0558768449475337,0.5346918981580338,-1.2566399914888675,68.83442027218553,3.285481689727362,-0.3184344324069883,-4.1363385442824665,-22.31356666307096
2022-11-08 09:00:00,0.0858216501681977,0.0516984326878855,-0.35463756514649347,0.8227161893323967,667.4935798716106,-2.2146414551038305,-7.286452751952922,-13.096828821336755,5.148675861980564
2022-11-08 09:10:00,-0.0173743109190305,-0.1592784205350881,0.5162778301821689,-1.0202432725381172,-148.617803840978,4.059614285102086,12.505093872088535,21.06135626187195,-12.152213751877184
2022-11-08 09:20:00,0.2736346387049579,0.0332192806223474,-0.37017957008103863,0.9594420574643224,322.40779562111857,-3.066658390288694,-4.038622197941862,-4.090188669304695,4.355942687407605
2022-11-08 09:30:00,-0.3735369772524433,0.0823117877230288,0.674754467852118,-1.5648341291221683,655.0482455438469,20.662996570873844,17.273403195698805,16.503120581936216,-13.543736019668811
2022-11-08 09:40:00,0.3608784053236931,-0.0021318106395256,-0.7740039141560615,1.113780272723183,262.44987409019814,-17.908440290047423,-28.58487232263404,-30.744579472907542,-23.380326367469426
2022-11-08 09:50:00,-0.2072652786243762,0.0011502261673967,0.35060473654380786,-1.3464314224659475,-707.4008024746981,9.171928428275764,6.003989669132068,2.4576818452631244,-6.682963301115137
2022-11-08 10:00:00,0.0658107861113116,0.1080075920044691,-0.37961696710647885,0.6105844384924879,279.3973564762673,16.234374660718146,14.868283912543475,16.086298925971278,-2.67878764294926
2022-11-08 10:10:00,-0.4855549955063208,-0.0588222923937564,0.41910700925792455,-1.3285463068871977,-538.0433114408224,-0.1829376115475725,-5.20531770279689,-9.051943313913496,-8.315500785556821
2022-11-08 10:20:00,0.5449890520644253,-0.0920817842411452,-0.3955757040143162,1.4612479704442976,129.58021517143425,-9.413919510814566,-18.30944666998048,-22.42194262706225,-7.61702369410807
2022-11-08 10:30:00,0.5698564614797724,-0.1236621153344685,0.5197689948821917,-0.8793203705374921,710.6804288610656,-26.47932780073036,-28.85070427125104,-28.30321229636636,3.923190243675947
2022-11-08 10:40:00,-0.3880401089097851,-0.1068651280970698,1.054297522049545,-1.9917979291540604,-533.7528248227209,7.989045456420435,8.877594222401768,10.005192001607185,4.981437864242935
2022-11-08 10:50:00,-0.1151666417733798,0.0398461485110601,-0.5383133216410698,1.916762931939012,591.6124152828888,2.301083274675861,0.4385051227415459,0.7835105831562288,24.019518492507306
2022-11-08 11:00:00,-0.0322768745589285,0.0309976477916507,0.0029169635263812665,0.5905016277511876,-93.63675837238408,0.5554031984407857,-0.8359324419902094,-0.9695821514353042,-4.918804282534097
2022-11-08 11:10:00,-0.0661252425806195,-0.0241530715691169,-0.284070730925837,0.7076575892406183,10.836287570073182,-10.648072279001036,-16.077380274875438,-17.58402068384467,-18.42021745201663
2022-11-08 11:20:00,0.3708309786949583,0.0679598773476755,0.02272653022328086,0.0042803880630728,855.8752587651616,-24.65555355068865,-31.102086134871698,-33.38853595521091,-9.853178609905116
2022-11-08 11:30:00,0.1958285533516668,0.03210386992464,0.15534799724214565,-0.1080546283140719,-36.51096005074214,-7.7548953728231425,-17.766566121508106,-20.84200717045585,-11.62083994712657
2022-11-08 11:40:00,0.4063282794928364,-0.005331934865012,-0.28549835912198773,0.589896839233532,-278.73657418791845,-20.316358390181065,-22.73116063778062,-25.185096959320333,-6.316462192689926
2022-11-08 11:50:00,0.2324663348594695,-0.0300397035662172,0.5011943600121036,-1.3267082322221384,-165.86985187027312,-11.388373168883646,-10.949392742261535,-9.632491521530824,-21.31103203450249
2022-11-08 12:00:00,0.1783117337885891,-0.0017104412202115,-0.533849343522121,0.8595087417903642,-235.3068890489085,-12.447739185004508,-7.300602721474434,-3.956491316186728,13.025436277566712
2022-11-08 12:10:00,0.217534700027816,0.0345635852401073,-0.3250100179999542,0.8193883260655355,387.6623289343188,9.868709455834534,14.773965443781762,16.55720136362396,-1.3038798950549335
2022-11-08 12:20:00,-0.144358582714186,0.0218565447756873,0.24969880963567448,-1.0065584003385908,-283.23468419609344,20.832976229276863,27.691380973150856,30.85000797640248,14.1639053075545
2022-11-08 12:30:00,-0.1918441682348127,0.0490024219167253,-0.386391017644371,1.0621236273975754,260.1945139239979,-9.480465472796183,-9.1245764644365,-8.294918913653873,18.01976735745643
2022-11-08 12:40:00,-0.4752958127315719,-0.0315244346872987,0.3958156074687338,-1.1326273149192474,-192.8947286782568,28.38463763095983,28.939872517968595,26.18022595103276,13.047653611602016
2022-11-08 12:50:00,-0.2253455508777813,0.0858910130466483,0.1389975409328983,-0.3917247022385908,-201.95877041986023,11.137548088640472,5.6861838616514575,4.680630418185046,5.215119605816255
2022-11-08 13:00:00,-0.2065756144325068,-0.0323109598415385,-0.09359958139491908,-0.2195138619049359,418.9019092613016,-2.2050989149044256,-9.803112086257514,-13.573665604046012,-15.989403422909788
2022-11-08 13:10:00,0.1814079852377623,-0.0860737891878216,0.1692463345664379,-0.5084824894112714,977.4829673493732,-13.828018294571676,-18.68605059379464,-19.31697379081102,-14.989026195374493
2022-11-08 13:20:00,-0.3078865130784023,-0.0214106311199202,0.4429987085029268,-0.4518435349075176,107.35399792816315,14.624451981432683,13.659514332045704,14.245322099733158,-24.33193404694208
2022-11-08 13:30:00,-0.1789867464880339,-0.0103181062577277,0.8741427851427055,-2.374345219656874,-149.87180340416307,4.990067543663471,2.989034910547545,2.2191472933554337,10.874218050067896
2022-11-08 13:40:00,0.0858161870319274,0.0136653812293161,0.10271537627363259,-0.0381838061824453,-542.2741993284799,-19.672705657501496,-25.64290776077945,-26.488055454528308,-15.264911775958469
2022-11-08 13:50:00,-0.0676143097435568,-0.0078793607974603,0.1253458445744009,-0.0812541372164119,-235.2350269249655,-0.2043083192243884,-0.3021266341593929,0.2883852314793103,-2.9317411586625326
2022-11-08 14:00:00,0.4099448638495644,0.1327825179637329,-0.003324240046726601,0.0105946406910888,238.00189361945013,-22.80884735094193,-27.991558763857,-29.869434520250152,-8.023674971511468
2022-11-08 14:10:00,0.0057473316212314,0.0981975356670545,-0.7654041978537336,1.7444336544867909,-433.5340071663268,9.004812242354234,2.19886612022556,-0.543297666722907,-15.30070822969327
2022-11-08 14:20:00,0.0219384427997838,-0.0148790914055325,0.22762448551597458,-1.0647920567887963,-52.61088255831783,-9.26925554039984,-9.058317086791304,-8.010536942771594,0.7180034754612166
2022-11-08 14:30:00,-0.1016298649013367,0.034625732680297,0.1087347318646188,-0.9975573300600472,-313.20889856565555,23.71083733464536,27.046066190208503,28.678571673812115,28.19956000796003
2022-11-08 14:40:00,0.1502980662057594,-0.091680273476868,-0.5064736848959654,1.1848196131388562,-84.71164863258309,2.3839851780439574,0.5735806360549134,1.6208698029255686,12.456339980396308
2022-11-08 14:50:00,-0.0163122034161113,-0.0664862638908516,-0.5370994750090574,0.7276201388330605,611.4246309122609,-8.97477382000379,-12.01880916930024,-12.954355721984186,2.670779875585424
2022-11-08 15:00:00,-0.0249783466659857,-0.0917656270585212,0.23502746737624847,-0.8456726995017831,444.7960373993628,-9.968534535067306,-13.750600612729514,-14.29530000052425,-9.757749833205992
2022-11-08 15:10:00,-0.1856299920475146,-0.0946337348386805,0.5182903251613524,-1.875949546314601,-741.5300435960635,13.744608207296366,12.397294465916277,13.558666223349348,-7.2251176067183
2022-11-08 15:20:00,0.088870420356058,0.0227492943024572,-0.4912698090359129,0.6727649227316803,-37.12240405572447,-19.714926592348704,-25.70928846810419,-25.196251393648723,1.86980747361838
2022-11-08 15:30:00,0.6888179744820723,-0.0288522468538303,0.0869957567009898,0.0445570326435316,298.4000487432495,-57.18594599257965,-63.030827923358245,-57.98747148554252,-15.768271790584151
2022-11-08 15:40:00,0.0162142269730978,0.0502695973916615,-0.08987096732790789,-0.0780445284241153,-737.0768390852281,-10.11389863069299,-9.454766759169296,-11.573271509350562,-16.07153726064996
2022-11-08 15:50:00,-0.4255719780438614,-0.0690094316263412,0.2997175898894504,-0.8032155432550283,-340.591017561881,11.114020984750066,12.853097187141492,11.97929446157243,4.841457193502436
2022-11-08 16:00:00,-0.0453211264681856,-0.0277727452244107,-0.18471158127744758,0.699711889862229,-135.98519223783296,-0.5637249054575797,0.8621909249936976,-0.2075809209447214,10.739450843024144
2022-11-08 16:10:00,0.0719573392279886,0.0398539864620488,-0.3745391835026872,0.8644442071303686,183.7921539463423,-5.683303506704718,-5.486686626460127,-2.76204135682363,-10.420129090385842
2022-11-08 16:20:00,-0.1599561321292992,0.0840703351573211,-0.1366320981604261,0.3512782652472168,0.8312724545139645,-4.512689932819757,-3.885842728340087,-1.0816043843379504,2.419899351787194
2022-11-08 16:30:00,0.1069496061509216,-0.0115142773810248,-0.22135250418443064,0.832057658924505,-172.89860780820527,-5.149391326028109,-5.371299029359307,-3.756968008922279,21.400004887759337
2022-11-08 16:40:00,0.1012486752572237,0.0002766784190271,0.07880400101181806,0.1921720626345475,-17.21213253447422,-4.313074255908354,-3.8067564699020977,-2.7314968864941207,3.297291196898641
2022-11-08 16:50:00,0.1086562508993602,-0.04219710353982,-0.018363282912179812,0.0027972391595199,-321.9893721215303,-5.40730603845671,-5.912726457350139,-3.562049712477247,-6.724994103725123
2022-11-08 17:00:00,0.0106693843184759,0.0460223230434166,-0.023309621617702447,0.0271624787634934,111.05953206873528,-4.8049727432798335,-4.344566544901859,-2.7019511984282403,3.407945205622809
2022-11-08 17:10:00,-0.2203862824885445,-0.0722398985160452,-0.013589861359879052,0.0961254872331807,70.2702604038459,-4.677864642989036,-4.093710458655096,-3.0990512929821463,-0.5961651088815643
2022-11-08 17:20:00,-0.0787837522192487,-0.0688770213714633,0.24158041226818128,-0.1382981628938537,43.2749132878489,-3.9129769182786447,-3.6646704257523615,-2.026802104720545,-7.387166767081794
2022-11-08 17:30:00,0.0307105639948181,0.0167309599986538,0.06297513268655308,-0.0423707514853433,-21.786685832801595,-4.161080401205147,-4.398693743047367,-2.861437302935286,10.601873003034484
2022-11-08 17:40:00,0.0516754241059691,0.0760338659914623,-0.07239164561462985,0.1868020860785364,-149.67119635425843,-0.0469723250038001,1.1865010413017243,2.638876773943053,11.010956107174934
2022-11-08 17:50:00,0.0049148112549448,-0.0119323407450337,0.08010536188378836,-0.1286967787902284,130.52720643482462,-0.9400773206570748,0.1582280478375608,0.4923284103231253,16.60455862734932
2022-11-08 18:00:00,0.0218059919756685,-0.0007062813843958,-0.09870921010585931,0.0446643519922886,-107.17214303883884,-4.791183837235586,-6.610757328356819,-4.276250238245154,-5.920216291827671
2022-11-08 18:10:00,-0.031905735192043,0.0343342019725696,0.28464956800497276,-0.5766443450806165,-280.32970481365555,-5.048902116450684,-5.648563212456708,-3.333256902641807,6.845864707512419
2022-11-08 18:20:00,0.0788518952058181,-0.0417908914275813,0.004487603346731817,-0.013170604728856,9.909626291107998,-4.220601173626257,-4.619901167346562,-3.932785137197129,2.3381799352157486
2022-11-08 18:30:00,0.0525241997270427,-0.0350569312367952,-0.05152588725755791,0.3331252833602534,8.715846677627269,-3.971271660817827,-4.371147728853089,-3.048515342378778,7.513985033493782
2022-11-08 18:40:00,-0.1068255243384057,-0.0026295021830264,0.1081480319250474,-0.0534437733921677,-62.85168711760707,-3.1366758867763807,-3.21640760499956,-1.8780635243848565,-6.945565597784139
2022-11-08 18:50:00,-0.1524808906684562,0.0444956593892129,-0.08933499213246066,0.1411555511606437,-23.149563768143707,-3.587325047241705,-2.858834425180305,-1.2323562042541738,4.337414586067496
2022-11-08 19:00:00,-0.0103387483016321,-0.0407000928533989,-0.1407223181962074,0.0839242675149805,-145.66870707584167,-3.1204231694648925,-2.6048248975724206,-1.5463025618087445,5.139240373512166
2022-11-08 19:10:00,-0.0545467824219221,0.0546333754548413,0.10727885275730387,-0.2581448302466285,125.66263622690894,-3.19714208539677,-3.1496406889070627,-1.0003226726973369,-5.220493031565866
2022-11-08 19:20:00,0.0178878263505175,-0.1000929057686335,-0.030289311606249925,0.0676931242088798,-19.35155449311788,-2.310082807424301,-1.7117271059180013,-1.096420585064109,-3.3713796482084604
2022-11-08 19:30:00,-0.0103684276210005,-0.0257479614024305,-0.13312557273113512,0.1165451379834507,-209.9276631171233,-3.347834731611776,-3.360178759508436,-1.7715144618073708,12.820235341971625
2022-11-08 19:40:00,0.0209941673057691,0.0123922117574011,-0.016277164166414337,0.0848515605263529,152.77473805914997,-2.306412598366258,-2.427175883886278,-1.8358954638868423,-18.127398259393036
2022-11-08 19:50:00,-0.0021078417805802,-0.0780439279169513,-0.3320392700712027,0.5136196212121149,-100.42302747607027,-2.140411580258068,-1.160673211016956,0.2848470494948145,6.343155234519884
2022-11-08 20:00:00,0.0271443409101064,0.0324200153812626,-0.15222154661627485,0.2196905364307539,33.36743142585328,-2.529662867987547,-2.8243328554805487,-2.061645480822776,-3.886012034938176
2022-11-08 20:10:00,0.0070188038337331,0.0254812316961761,-0.10701986924366835,0.055481640205393,22.042704267278168,-2.099388595425907,-2.043171717658496,-0.9198837298337564,-0.2926153891452259
2022-11-08 20:20:00,0.0276202571240455,0.0510784956150018,-0.1543523331872123,0.1168586318967683,-38.30703169967092,-2.515219785552688,-2.149628881287676,-1.903635019429771,15.29628611275126
2022-11-08 20:30:00,0.0075535056862174,0.0185582362208833,-0.060619602414607954,0.0491354115248015,32.25243154633063,-2.231296120750308,-1.705672200187749,-0.7821676481726598,-7.386368459219057
2022-11-08 20:40:00,0.0206051857009108,0.0529219618812248,0.09647607876649644,-0.175735287708342,-127.73695973743088,-1.7261382678212058,-1.5359301275288573,-1.232146475216652,-5.575056241114396
2022-11-08 20:50:00,0.0181696222388725,0.0068324765398983,-0.17770201425122778,0.2412200651337315,97.23699870060592,-1.544482181524728,-1.4754643693774554,-0.7324444102464867,22.261241826081346
2022-11-08 21:00:00,0.0175106516498866,-0.0340187534937967,-0.23133487253724283,0.4094997845250603,164.55337976024748,-1.777161805233753,-1.1333415425498783,-1.124657291938334,-3.8592969169212665
2022-11-08 21:10:00,0.010796157909231,-0.034750012186123,-0.02646788138934042,0.1844444970091956,-227.9838034198037,-1.0859419321074313,-0.6923097433693641,-0.689695101724908,2.4057195216141167
2022-11-08 21:20:00,0.0242461669918776,-0.0109743663003882,0.2660051515869135,-0.6513231940913187,103.08880822197534,-1.0263891087199184,-0.6376419405296474,-0.4912819690687087,-2.2154111605203184
2022-11-08 21:30:00,0.0011476197073023,0.004225387950214,0.010056378253743503,-0.0626573521903779,100.28829161053729,-1.446645317945368,-1.1850030213174136,-1.1568329891865403,-19.687634780028475
2022-11-08 21:40:00,0.0130631236698384,0.031697153870482,0.05235887502605152,-0.1008746550196519,34.30951063340035,-1.4210942447290549,-1.1236203764079846,-1.497998887532674,8.372060647949695
2022-11-08 21:50:00,0.0118575950877584,0.0238636832768861,-0.02879737007842209,-0.0110722544305019,189.1479389948654,-0.7163069783834572,-0.5298587240461927,-0.0922097614565515,2.6081853836705022
2022-11-08 22:00:00,0.003804620902357,0.0055097674825219,0.10889213903745443,-0.2355613784642614,-63.770074421499885,-0.6356245004418568,0.1811634609520851,-0.3562701901089227,3.880553890719966
2022-11-08 22:10:00,0.0237098858378773,0.0461531300715023,0.11032072741267385,-0.1620585603657716,42.11938703195847,-0.3134966848387108,-0.0960663686546681,0.0185602480857198,12.21831209381935
2022-11-08 22:20:00,0.0028831242503413,0.049655035757155,-0.10663188804045376,0.2642286658150539,132.12378913568682,-1.044071684823109,-0.350513277307634,-0.5939778990701541,-3.002969386462496
2022-11-08 22:30:00,0.0075052732133682,-0.0147044752679903,-0.048766877354808,0.0131013372290524,-109.83761254239651,-0.1389810367874133,-0.3804672881478623,0.0347582377594193,11.198097662567818
2022-11-08 22:40:00,0.0087357849226835,0.0924383561492732,0.12021560219260152,-0.318548215899284,119.72651327393032,0.2199003846010327,0.2935148795579536,0.3080136090204348,11.388532400118097
2022-11-08 22:50:00,0.0136483965130996,0.0565519448051645,-0.029339472680156575,-0.0556062907022365,95.49600611474308,0.4357793000459438,1.3927107758297836,1.787649916428549,0.9319257498757452
2022-11-08 23:00:00,-0.0011989462131402,-0.0047918674140419,0.04060278390306493,-0.1748998105912349,43.7281435434852,0.3239227478600313,0.6736118815409995,0.3308701693397751,8.151470054188223
2022-11-08 23:10:00,0.0187605830704753,0.0554317986262731,0.017419498982832238,-0.0892740940347778,327.64046754358424,0.9143353831421166,0.906537198481466,1.262490627380373,24.701323797962345
2022-11-08 23:20:00,0.0017861121675923,-0.0643179143935412,0.004043267378854409,-0.0559080191445318,-49.68064219860025,1.0675874128799734,0.8758287016735551,0.7793097951354611,-17.565996278691784
2022-11-08 23:30:00,0.009840798119394,0.0190170775042588,-0.03292965683543159,-0.0584308115878471,168.1104562877954,0.7588225989282193,0.6572210418347879,0.9000334147850566,-6.619262789013021
2022-11-08 23:40:00,0.0087552089336669,0.0201680944612689,-0.16002451398492568,0.1960367842925592,-16.140431109310157,1.0641997736814517,0.919436760068706,1.6231392422745898,1.0412136047918352
2022-11-08 23:50:00,0.0032699018714543,0.0391223602193804,-0.017582636793598283,-0.2766950441462938,-87.35860513549414,0.9051584990989808,0.5988309088217747,0.3061893206316455,4.367595182069181
2022-11-09 00:00:00,0.0071879842284726,-0.0315610922468749,0.00896205801094041,-0.2932398088418253,-874.222490206892,1.3163432634415742,1.7361343641888425,1.9982057457169304,5.238903171547406
2022-11-09 00:10:00,0.0083098363528049,0.0392709712552914,-0.22401443385767195,0.3006905188527824,68.94990189673263,1.5888368647621434,1.626143604146499,1.2550154073438904,-5.891636222604632
2022-11-09 00:20:00,0.0015648316983297,0.0635806715065427,-0.03410367361785305,-0.0977420364146723,-38.2282013212789,1.521011853672313,1.084501155832001,1.5108113591884376,9.71664985806143
2022-11-09 00:30:00,0.0058321671864822,0.0308639795587168,0.08974320975877959,-0.3634127593087868,38.17161797740118,1.6652562670237572,1.1044002084813511,1.4351840101353872,15.348779016552555
2022-11-09 00:40:00,0.0114689291930663,-0.065217210437936,-0.12701705208918668,0.1482501278081827,-15.402458709744678,1.7700516195944471,1.852136869865156,1.4822994729375267,-5.892443749078439
2022-11-09 00:50:00,0.0055323675308779,0.0250298059419264,-0.069519689371635,0.0219574658291392,-150.53175812907648,1.6567795268882222,1.49488363682066,1.3032133370152792,-8.84422468882434
2022-11-09 01:00:00,0.0105557165545666,-0.0927403093835437,0.004699641579435365,-0.1723620428159762,-57.24254040222877,1.464504685222174,1.2836924066492514,1.1669417377643183,10.403207632285444
2022-11-09 01:10:00,0.0090478915479647,0.0054719226736779,-0.018962845120864102,-0.0839032731128242,-74.42002742565455,2.063049218008046,1.5186617004575425,1.4119658768683507,5.7218388034610825
2022-11-09 01:20:00,0.0099794099354478,-0.0384011085300244,0.03812176486744079,-0.1120654065126274,112.21959756429716,1.165720515081361,0.5806300668036144,0.7988010280106863,0.7853585920796036
2022-11-09 01:30:00,0.0066654178059312,0.0206597995033916,0.026618778730057358,-0.0681888506916976,68.48942717762111,1.630598499250759,1.524797460925612,1.615658872125621,1.2546747864961958
2022-11-09 01:40:00,0.0099933775865038,-0.0119470488284605,-0.14088149376479464,0.1591059280744602,-56.18931806044566,1.9961509766240864,2.359593650713059,2.5353154549774928,-3.105992468059412
2022-11-09 01:50:00,0.0007981882225128,0.0561197602585252,-0.032494399344507485,-0.0852968609441404,65.00940802590776,1.6465874903288622,1.7540382544139137,1.6892385792571218,-7.089262004203988
2022-11-09 02:00:00,0.0136282279864069,0.0351076863822754,0.01637264678650041,-0.1335060403350638,56.52456521594286,1.611546968750062,0.7844088260618065,1.0729517361982204,14.593349800793533
2022-11-09 02:10:00,0.009290514136815,0.0303361280721219,-0.059297629127097906,-0.020622029431081,-34.07662346343568,1.4923409076022551,0.9004842390218997,1.133613400689697,2.655660647329796
2022-11-09 02:20:00,0.001399897001046,0.0288359763279686,0.01258862152758411,-0.1543609949965159,28.129457083021407,1.8357644322150364,1.8547687388785616,1.739395120330272,-5.161754493263061
2022-11-09 02:30:00,0.0067819454446994,-0.0036392282750057,-0.037900168509818144,0.0174450048412992,-3.175607520122867,1.1125050782484465,0.3915857629341701,1.0121609898358628,22.165195267398985
2022-11-09 02:40:00,0.005963551789508,-0.0308475341452094,0.033038779125259765,-0.1804605583900169,91.96323690683856,1.358290399047391,1.3916196659719304,1.3386209711971162,-31.2422499464476
2022-11-09 02:50:00,0.0056467816687165,-0.0075165990298273,-0.03693365078261124,-0.0265152774235772,-24.91634288093701,1.1046338063256584,0.7555363608835037,1.008220303154047,0.8970535879655017
2022-11-09 03:00:00,0.0071042502949144,0.069304791094396,-0.03259662095856086,-0.0270137816871098,-0.9120053960541554,0.9316556992669264,0.2837215281938086,0.2866191339205386,12.89807379414475
2022-11-09 03:10:00,0.0118570336429479,0.0491786894914412,0.01321528980560771,-0.1315653424331273,73.39742551791642,1.2110257664668538,0.8734283211828213,1.284390265486948,-8.112862099368158
2022-11-09 03:20:00,-0.0011271112900259,-0.053943421364579,-0.0756844919588957,0.0448772115535618,-18.270372166993184,0.9959171783266,0.4411640860460011,0.6805866654412398,-10.3807612941643
2022-11-09 03:30:00,0.0103252667855053,-0.0173619973243148,-0.060664314721297075,-0.0071047411837597,11.854922557933603,0.7766141095173111,1.0804606613223982,1.5296258994498686,5.639931748353604
2022-11-09 03:40:00,-0.0027478345757027,0.0928799391706434,0.20154126434016462,-0.5394476372083261,37.15257032598311,0.8735622887467613,0.2656653128137307,0.4579194076425068,-11.337880498846118
2022-11-09 03:50:00,0.0046624576035858,-0.0099234916920067,-0.08522663487775972,0.0592217280709022,-80.62724497625459,1.0937002029832783,1.033368337521793,1.1180549818542715,1.956772900339729
2022-11-09 04:00:00,0.014312218073244,-0.0019657139184801,-0.037314232895965915,-0.0331457081232713,108.14465699327047,0.8783780393772034,0.9024085607610388,1.2941034416363664,1.6788145940312234
2022-11-09 04:10:00,0.00933981892576,-0.0061410223946722,-0.10527253200406506,0.1406952159534498,-46.36955292788844,0.4185251109967822,0.3711862143678743,0.5075709671419446,-5.136642581015167
2022-11-09 04:20:00,0.0019192550361073,0.1306230601049947,-0.21859503081968867,0.269074934867497,22.820848790634045,0.6799913664162176,0.4754864300265993,-0.1256195847509502,-2.7129401259075507
2022-11-09 04:30:00,0.0191402106404006,-0.0032447641572161,-0.05995433032752118,-0.0338658359393306,25.563485079394013,1.241420076390419,0.899948605240283,1.0162757543424163,11.68076954643226
2022-11-09 04:40:00,0.0030955170728612,-0.0718765268607057,-0.0016182993649422883,-0.141978751147711,-7.504836967207666,0.3569150283915405,0.4782510270452249,0.6659076377609807,9.561558368958911
2022-11-09 04:50:00,0.0145383181664741,0.01507923235431,-0.15509802194071298,0.0203382522000765,44.61152286391007,0.944399152290174,0.5139661764977745,0.7279526467492516,8.018790108826522
2022-11-09 05:00:00,0.0140582641632615,-0.1319813174544606,-0.06245742573414148,-0.1005903783274035,-39.870885736068885,0.8737219607167361,0.8199754348746495,0.5052588983085329,-2.0194878471481275
2022-11-09 05:10:00,0.0065187648450306,0.0367017629764632,0.008661455899392934,-0.0197050140937946,-6.714760422702966,0.5256881934182118,0.3050473948407912,0.2567863827308798,10.428489123960844
2022-11-09 05:20:00,0.018061765503461,0.1281171961735481,-0.10606701019660392,0.0878721083573808,111.48497548569868,0.3704662516092298,0.0753365235289891,-0.012291096300629,-10.598104698596616
2022-11-09 05:30:00,0.0035935643153657,0.0484276497169275,-0.11532942573027682,0.1357873505177451,-9.519071583799814,0.9595774617064804,0.9029150341296486,0.9075218376443884,-4.884456605957951
2022-11-09 05:40:00,0.0055938263177319,-0.0331064018965889,-0.09387889672887084,0.0930730873135843,58.17117489140946,0.8225476561762122,0.90365554384789,1.284636063496201,4.758547991822297
2022-11-09 05:50:00,0.0108930519991944,-0.0620889762702745,-0.05606535124350387,-0.1067438501705737,48.77044132972151,0.156938072590691,-0.1702662027962489,-0.2862826244490719,0.3572314594921977
2022-11-09 06:00:00,0.0136786981003793,-0.0511877023624265,-0.0456991749650939,-0.0281590293000775,-26.860772862753947,1.2831030984984224,1.3983834082376632,2.092887875223184,-4.215295667067153
2022-11-09 06:10:00,0.0100723110699796,0.0383478556374257,-0.03301205671666452,-0.0705714980355267,95.01824301883607,2.6232044360350457,3.144163588366439,4.464519437595399,19.72824282723451
2022-11-09 06:20:00,0.0188589140258963,0.0640392953478112,0.026667134197580822,-0.1243748573659146,66.61219932038875,0.584186282084211,0.0500048255893119,0.1112849812904528,14.517697689652266
2022-11-09 06:30:00,0.0004212198265027,0.1125514643946417,-0.029188467569319698,-0.0763156093242969,22.30941016262659,1.037207345913977,1.053797971206336,1.168658000394828,-15.142204600482104
2022-11-09 06:40:00,0.0169652612195737,-0.0480293668138074,0.04126516884626241,-0.1369018721157289,23.45242585813321,1.4906247604224276,1.041551843029097,1.3149092295588645,7.110585765658641
2022-11-09 06:50:00,0.0116481718758998,-0.0230689405419752,0.006451113056161972,-0.0824599034218493,-33.97633624323862,0.8755926480186602,0.4493489934014647,0.4514653482075417,5.553809865864196
2022-11-09 07:00:00,0.018257466446951,0.0509896863854919,0.008826172478645589,-0.1363307981685722,53.56734777139354,1.5896249308489132,1.3845466492366183,1.3227935381383062,5.950261100510886
2022-11-09 07:10:00,0.034896463466261,-0.012324239777854,0.05971809607505918,-0.040481114254149,-38.93614939442341,1.081406080461818,1.0648248115603138,0.9828004908680228,5.056968111240337
2022-11-09 07:20:00,0.0205949537778085,0.0157724136525985,0.3913513079593791,-0.9282226379033852,-261.0875982682883,1.1637053435333868,0.9382908988148556,1.3856220201639855,-3.1113145014373917
2022-11-09 07:30:00,0.0197254230356453,0.0562659307886406,-0.11196417053064778,-1.3145976557619043,1176.6350952937391,2.559969095691372,1.3296662718928474,2.530035499243354,-22.59415240049424
2022-11-09 07:40:00,0.0206073331295624,-0.0866866148888902,-0.3741091307525153,0.0911145392634367,464.23612965580105,2.105951601615047,1.7484445157537891,3.1896456773375377,12.87890079750855
2022-11-09 07:50:00,0.0301455074756304,-0.0280894308108372,0.07841363682434377,0.0134804161687114,-68.75212343016756,4.158131150042436,5.839696863494801,6.212597428087676,27.39321619388511
2022-11-09 08:00:00,0.0140381667342117,0.0206203160713585,0.14020261512408183,-0.1139839986468089,-266.8528787148098,-7.913836240427095,-7.830323381566444,4.34645229840703,2.4653720080043517
2022-11-09 08:10:00,-0.1026652698443615,-0.0570803560356125,-0.12183059233189653,0.519843372801617,-405.8375983450824,0.3474418290872592,-5.812484059059443,-13.982656344968532,17.410804758750658
2022-11-09 08:20:00,-0.0033334285432264,0.0370505905532354,0.39358509977280676,0.8156789310279322,-676.8984687166303,-6.3741846296748434,-7.121857806465158,-11.04604639816634,-13.935919900593774
2022-11-09 08:30:00,-0.0824070942227753,0.118584287571366,0.47450886359746747,-1.0894410060709916,-1073.3154236105763,12.49477844021753,14.647708394395806,13.67213057482445,-15.097079925930984
2022-11-09 08:40:00,0.1890537887115466,0.1004096509292367,0.697174960715973,-0.7453348997076361,195.23553004246787,-8.98671858965642,-5.833313590718703,-0.9126555585905862,-14.061207872984596
2022-11-09 08:50:00,0.008279265031855,0.0115649312152754,0.1818934159700767,0.8196111531634713,-371.5514515547948,13.275578296652723,12.98653676262316,12.261679230356703,-7.183932706873804
2022-11-09 09:00:00,-0.0677099902723077,0.0070454524966407,0.48503524726551106,-0.1043182269792453,-1247.743663847239,5.136686117609244,2.995817019831861,4.559843262592153,6.105978647128438
2022-11-09 09:10:00,-0.0619906495293287,-0.0036127752125594,-0.805111644750216,2.751875920715875,718.5998260316264,45.92653012830502,43.79797453520631,41.865761770976434,-7.153793393669048
2022-11-09 09:20:00,-0.1327507401711184,-0.1002929461551502,0.20846840924011545,0.4920610277983712,-782.370100862001,-12.783637192591016,-15.820259561116558,-17.18646499770233,-17.18264714924743
2022-11-09 09:30:00,-0.1383733989873844,-0.1295748823208669,0.3653075921792457,-0.2026717171746028,-185.4004491496161,-18.76762583595232,-24.748702282270727,-29.67864313413827,-9.825341788298315
2022-11-09 09:40:00,0.0835523357227912,-0.0114381633133007,0.8454303978541695,-0.340868442597511,394.92300740248174,2.2139380428568955,7.7269367673169,7.751151788647107,-2.890509719287934
2022-11-09 09:50:00,-0.2031293536678713,0.1468302063873352,-0.08635196500211606,1.213487401333957,570.908494963147,35.65302286444812,38.73165553902636,40.38234022126065,-0.1421446663409824
2022-11-09 10:00:00,0.1240830634432528,-0.0713234480958817,-0.11847771530295859,0.2869245745271911,-640.8746268577488,-10.130647079658331,-19.935368180382355,-23.315420198393383,-23.74738624630743
2022-11-09 10:10:00,-0.1076311635236011,-0.0916582227933986,0.28081815369213814,-0.5794021661722439,819.2486369988364,11.47849224956184,8.39071127980526,7.766967649911365,-18.341726533455528
2022-11-09 10:20:00,0.1233631198857643,-0.0001718458652248,1.0561453245654029,-2.0292041789177446,197.31820177839109,-15.89488968780998,-19.442565316251915,-19.860896548872432,-15.232665401147583
2022-11-09 10:30:00,0.1957901720180657,-0.0452034206161897,0.5599056873421056,-0.9588894535454672,-107.81048293702042,-6.90666041493607,-9.846059067022708,-9.003803574074169,-10.923636818357975
2022-11-09 10:40:00,-0.0991216213629881,-0.0689025079484508,0.011487253723064583,-0.0492089313362456,-23.286645064705223,-1.3525603617355344,-1.2297582199293515,-1.2895871305571234,-11.72065514910787
2022-11-09 10:50:00,-0.0557490420056971,-0.0420336301564248,0.06527651714601035,0.0418615949112108,230.18791267434423,0.6636653398488974,0.7449864840012452,0.7150100776085964,6.512893073457292
2022-11-09 11:00:00,-0.2403874522783289,0.0481004334712906,-0.20456621029333633,0.1209964048016019,392.4751456250233,18.23911068388159,16.858882443012476,16.36793464256121,3.6570096460762898
2022-11-09 11:10:00,-0.41031603822514,-0.0001343894927003,-0.6374010851613612,1.0877477966546465,566.9140711240179,58.97972534833316,54.63511366379946,51.09675813743384,-7.264631298731842
2022-11-09 11:20:00,0.1239311183352034,-0.0618684445774988,0.1668396271538839,-0.8390001857241813,-1917.471977993173,-17.62305471378903,-24.49246035449599,-22.56335707027196,-13.451670993788923
2022-11-09 11:30:00,-0.1175446786817142,-0.0006520761845649,-0.19702425596973328,-0.4176455433644364,-821.4707900835565,36.16262582665897,29.514629304985817,27.18469643813566,-6.701582374078271
2022-11-09 11:40:00,-0.0686308028252407,0.0541907428377044,-0.0939053832961747,-0.3894467072538461,550.9958306359113,16.030611906119503,9.401868620672658,7.176102163097369,-7.1971516191019305
2022-11-09 11:50:00,0.071563892198067,-0.0261064341260635,0.18535825189469435,-1.4993377750261914,468.6805473890745,-22.658442709878827,-30.504767679316444,-32.004646089856934,-14.08908180940773
2022-11-09 12:00:00,-0.1047047923912966,0.084869185391085,-0.07144466035378727,-1.044635997424919,657.9666101735384,-6.6912533038981366,2.2517753578259487,24.24245778635995,23.508166265560988
2022-11-09 12:10:00,-0.2259022511195951,-0.0781245734043523,0.8856865529231008,-1.4815716160005865,-89.4749443980254,11.726970657567392,-3.1753343748760727,-19.903489416145447,3.63746512510744
2022-11-09 12:20:00,-0.0401010527858105,0.0402075632993046,0.5766679305597862,-0.9393158757119586,936.509860481674,-7.716121743464186,-17.366544179170674,-21.41441371050604,0.8492382132492935
2022-11-09 12:30:00,0.224346962799788,-0.0207641511930205,0.41558649673709525,-1.4921352365970684,-273.93329870392336,-1.2384458360479584,-4.9206365406381565,-6.044070364557712,7.054428770394964
2022-11-09 12:40:00,-0.1237438023905306,-0.0361591461887655,0.13649796032386874,-0.1609168383854999,-490.3844720931156,-21.72811377494638,-24.919917923295884,-24.824691840093426,-10.77260329031492
2022-11-09 12:50:00,-0.0824256042763397,0.0449189944828276,-0.7641458005250357,0.9916618624113482,-1652.539995624753,22.437047090951,22.40445986010868,20.816201990780428,5.084158450405823
2022-11-09 13:00:00,-0.0522054046227941,0.017471732757599,-0.08813104825577156,-0.3649301668175262,184.2906702824912,9.344945222034935,12.557947128480194,15.69458821806711,3.790139083828251
2022-11-09 13:10:00,-0.3593907200765969,-0.0184974897564416,-0.0400013178375751,-0.251709781587266,-396.60157073973824,7.103338676829381,4.770843510746758,4.900377057568633,3.138461490498173
2022-11-09 13:20:00,0.0808463604871015,-0.0471240973034809,-0.04842317431450027,-0.1625640526154228,-489.70505906570907,-10.418561816569778,-13.49746479445568,-13.977610588742197,1.7623190238274449
2022-11-09 13:30:00,0.3745910531058785,-0.0922182351955598,-0.12731238555708657,0.2778826069043631,155.1840303136487,-49.14251999955743,-51.40479720864317,-47.24944705958169,-5.224367575070232
2022-11-09 13:40:00,0.0142758974957242,0.0259566810456135,0.03653162599091431,0.3623005415585112,604.7392096574295,-3.834134118739147,1.28910106249446,2.4585397960530884,2.96804426019213
2022-11-09 13:50:00,0.0823504018453489,0.0805985469153256,-0.056630136804137976,-0.056725674991533,616.595169173921,-5.956510407216438,-4.840984414828903,-4.853992750170264,7.896682012385156
2022-11-09 14:00:00,0.1966610732488452,0.1022744520826108,-0.42969825919764304,0.3413962589116828,301.0578828979451,-1.8606639909666145,-1.0882362659736415,-0.7216121301945364,-1.954065871464934
2022-11-09 14:10:00,0.1094806306918011,0.0370343649705091,-1.6019048296901204,2.4846261192510823,951.5327893288886,15.05430746511081,12.097334921187011,10.178497881390385,-0.896536971447631
2022-11-09 14:20:00,0.0695012602147429,-0.0494293436461248,0.4565959159834456,-0.6868198760801967,-311.65864499752934,1.8779564339985484,1.3515247085728674,2.359370083362592,5.702507105201505
2022-11-09 14:30:00,0.0506046951906408,0.0614025587018431,0.64561416361828,-1.0681411735859747,-192.79106565433176,-16.168644718097497,-17.12533634302349,-16.791733886410185,7.851046142952214
2022-11-09 14:40:00,0.2040520201051964,0.1153153227654684,-0.5244718980720968,0.6674668113391142,369.87610166179365,0.9191175193261928,1.5849945484469004,1.6306590082148062,-3.9841785666212672
2022-11-09 14:50:00,0.2525637980152674,0.0156067164966771,0.46614895305204485,-1.0842510129029712,76.27787585389888,-5.88675920540004,-4.581935038877816,-2.7897236716587344,3.337515332951739
2022-11-09 15:00:00,0.0197743183471754,0.0148317904526038,-0.22960366359417606,0.4518302517118044,481.4057235315631,14.507880665847864,13.28583151714828,11.720935648779175,3.7301042896300487
2022-11-09 15:10:00,0.1651776198908019,0.0263569583381695,-0.13009603580263374,0.8435802481832653,-503.4792213429828,3.845544798493819,2.54636895652574,2.067469142824123,-2.123442402724777
2022-11-09 15:20:00,-0.0353874302314553,0.0363238587611931,-0.24372211204023841,1.2670197489567343,261.39882088868035,16.085845298770693,17.996437783735033,17.221627735055975,-0.5499913003946517
2022-11-09 15:30:00,-0.2256307120282829,-0.0016151353275972,0.2737064614658138,-0.2184087107575152,-535.9523110140472,38.49286146601774,43.1217207982228,45.206962373883016,-0.9002531763514412
2022-11-09 15:40:00,0.4491780963424594,-0.0083494431668214,-0.24404118585343326,0.2438487212092148,1195.2021909881296,-32.190157493995635,-39.994341140320834,-42.937785474705805,-5.522078953212031
2022-11-09 15:50:00,-0.2097150170428339,-0.0417920555747741,0.4207375570384748,-0.590924445353096,-556.3878771743839,-1.9272446690223504,-3.7293910726659902,-4.162729732954027,2.187829376538673
2022-11-09 16:00:00,0.0198774130680197,0.1209371305566264,0.5252153077230446,-0.6411755964903527,-840.9343448374566,-0.9989427164990232,-1.6639355925720167,-1.4985186401209702,3.187086791921672
2022-11-09 16:10:00,0.0129853433859739,0.0607031996114528,-0.24841341668279782,0.6864607179291085,-1168.6926037618396,1.914017685360676,1.511684175220715,2.594104242967987,0.0968585028804795
2022-11-09 16:20:00,0.1014235010981297,0.0143043986175825,0.2908003076620318,0.1935785979688731,-300.61894178582224,1.308509383168435,-0.0892655746439388,0.1216358783066979,-0.2936458854983925
2022-11-09 16:30:00,0.0876874856044098,0.0731975955779944,0.07285281637477325,0.4368327800216498,430.8422560972576,-0.1022222297898594,-0.7790690344996847,-0.8106126601669601,3.3857952184264377
2022-11-09 16:40:00,0.0349527236635001,-0.0004354288957983,-0.1640379242416543,0.6180048619484317,-377.5163808793404,-0.3661018091255883,-0.5617732338925876,-0.7054281074583741,8.74790586178085
2022-11-09 16:50:00,-9.726204428117668e-05,0.0570516237888796,-0.017658641112639373,-0.1828617327224151,-193.56419598893265,2.459498371675693,2.268245229101794,2.589038962817881,-3.691423038581775
2022-11-09 17:00:00,0.0915315757292274,-0.0675481701879334,0.013051697332748802,-0.1818288906154528,-199.905927025884,6.981232277803066,5.988113089744807,5.431517090874479,-5.510943321984144
2022-11-09 17:10:00,0.0581184152164853,0.0074341441799106,-0.16373370751124128,0.1476872092423171,-198.0545023838204,6.156901309676272,5.407872618322621,3.639167365999541,10.099367892463306
2022-11-09 17:20:00,-0.1129140964700778,0.0346408629226289,0.15091210753070783,-0.1244679192123179,-890.3056120455803,3.8932437627202177,2.408601273425191,0.9963136894251649,-4.503826423046917
2022-11-09 17:30:00,0.0605866333525624,-0.0473365612807583,-0.13390033756509467,0.6426293290803962,98.61025765618616,9.723617179059332,8.307119188250958,4.537341307224381,10.75862961647266
2022-11-09 17:40:00,0.0440745012924566,-0.0416579910223617,-0.4062836982928175,0.7872683834010523,178.35625217830238,-13.147875440545,-14.06045125507412,-8.96924669780752,5.476724614586487
2022-11-09 17:50:00,-0.0342923511133688,0.0192220953369997,0.0894173820043136,0.0505900405664121,-183.3359281094345,12.280010482319668,10.56844314862208,5.348417221254579,6.489003582524447
2022-11-09 18:00:00,0.0412099996461796,-0.0725436731055424,-0.3507110701273106,0.3186094216532389,27.55300577433445,9.304844596747678,9.736392791840018,6.7456813012151,-5.701624475971528
2022-11-09 18:10:00,0.034379739340415,-0.1155767874555522,-0.2227530726363547,-0.0497812796002499,197.96845146366468,-8.891226256083002,-9.750941764632287,-5.7940626682211445,3.194440462094974
2022-11-09 18:20:00,-0.047444373747262,0.1027262132482746,-0.11802702973466239,0.1108530492912009,27.95731870166128,0.1391761636053274,0.0062353299048467,0.953157996206798,13.557482848375514
2022-11-09 18:30:00,0.0225384905127217,-0.0697331367834976,-0.24232367755515583,0.6561281153838721,-174.3427471858813,0.8534570179818175,0.3368757456124029,0.8430973930291543,4.9074479226202925
2022-11-09 18:40:00,0.1191072280454286,0.014994060923982,-0.10279568862507915,0.1782935751582535,-15.306840549201295,0.1370373893547025,-0.5547431145406705,-0.2054719386165544,-13.508639987917604
2022-11-09 18:50:00,-0.0786472832649882,-0.0273229058067272,-0.16233078775832865,0.4018547872095332,81.98216404231061,1.0899486604599673,1.0858470596942524,0.7244279520527499,9.318888579565112
2022-11-09 19:00:00,0.0968521097900794,0.1198322082858567,-0.1672109443796117,0.212501244920972,-165.66710534689628,1.5778627237056284,0.993465807030141,0.8862890668631138,0.4413887099643148
2022-11-09 19:10:00,-0.0121342399087878,0.0447476195733997,0.07445796233567492,-0.2656910628795508,-19.02961882600357,1.4249704368199474,1.3391886154793369,0.5923967281802902,9.646644430797949
2022-11-09 19:20:00,0.0738277978302197,0.080746867395419,0.03839257808434127,0.1455388782900257,165.42866888718345,0.8024249298098383,0.4764581705562207,0.5567649938188026,-0.859210012712083
2022-11-09 19:30:00,0.0191858707272023,0.0269328792328451,-0.10035383837427148,0.1764772357247181,-19.254473224638787,1.351242191897143,1.333065671282334,1.5413330753900851,-0.1499575340744172
2022-11-09 19:40:00,0.0668503736202466,0.0082472802403117,0.07198880307937472,0.169057642916016,-47.98678228091012,1.3794014707403903,1.1206527998419062,1.224836238607736,10.449720908882966
2022-11-09 19:50:00,0.0330467422322386,0.0390725193534535,0.12486459403245931,0.0144468868831104,-187.02397916487823,0.928840007564176,0.2590503781620157,-0.6245427941593249,-2.750138789787343
2022-11-09 20:00:00,0.0491221287778764,0.090254360711242,0.11569727342610747,-0.0923619272193896,70.72488179466382,1.1061519501708474,0.6044273945991065,0.869670662613899,7.021277743770895
2022-11-09 20:10:00,0.0368560791763719,0.0322191192699392,0.07100877382019988,0.052029254012119,-16.421112256750348,0.9491314810482764,0.8551283665814893,0.6562890412593987,-6.816994687631961
2022-11-09 20:20:00,0.0603077381582233,-0.0331696713597011,-0.028431825288656398,0.1932478148332279,-92.22876251460184,1.3014996736412243,1.1298836262976906,0.8895844020478023,0.7169646817451962
2022-11-09 20:30:00,0.0391801257564585,-0.0290583145638265,0.06544865856692894,0.1073854425511058,-30.65241943231013,1.0618151056879055,0.9966909965202576,1.0391447300960692,7.177958175496201
2022-11-09 20:40:00,0.0455981742512969,-0.0672620289149108,0.035816230407178296,0.1318427932136145,25.350662765638845,0.9110735217091132,0.2599421006624141,0.3432286819742529,12.349115100042638
2022-11-09 20:50:00,0.0377395806089142,-0.0469085643080688,0.2153010542706042,-0.2882033491199678,-19.18660827133499,1.400491755154107,0.673302644304492,0.0180487484382467,-2.146601946151748
2022-11-09 21:00:00,0.043695538044147,-0.0482411851023698,0.0909651701197447,-0.0190212763664732,-79.78681332568158,0.9682396108686292,0.8483500292630879,1.1078595503215354,-16.261925492920795
2022-11-09 21:10:00,0.0306009523215426,-0.0236033595000435,0.0463759578025531,0.1092162393366322,-13.3100754236184,1.168030382279305,1.7220445365460506,1.4342138880811035,5.273643516314223
2022-11-09 21:20:00,0.0411724982072809,-0.0678006579283874,-0.06868770308450323,0.2088914464957056,-7.792351492647867,1.6044765600238264,0.985119184202084,1.1858756241851438,13.469220727369986
2022-11-09 21:30:00,0.0301238393777834,0.0415107299937744,-0.020883082973128353,0.1677195890827931,-34.7925226583975,1.1901688855449493,0.4527279786945186,0.7778282824591969,-4.090195888347466
2022-11-09 21:40:00,0.0374537817747833,-0.0393960318612016,-0.05720623004679126,0.1103997181937117,-162.05754859762237,1.649704926482869,1.3585896341773136,0.752689601783672,8.248921075258465
2022-11-09 21:50:00,0.032983011913531,-0.0587606955382398,0.04349967097817142,-0.018792454689084,-41.137585688404215,1.1416410954247098,0.7206701589754516,0.7867305764944632,12.760462132378166
2022-11-09 22:00:00,0.0279187045025088,0.0904339200139929,-0.03163651026286729,0.1061809875680168,-41.80736280635392,0.7926190163994775,0.8007070503273184,0.7177143343742785,-3.719684274483882
2022-11-09 22:10:00,0.0270343328430233,-0.0301703784383562,-0.07094558489513147,0.0196210470004203,-48.10709791978297,0.9040069677553576,0.2295766066526283,-0.4040308792714882,-7.12781153785653
2022-11-09 22:20:00,0.0296821318355964,-0.0632401912511113,0.18285653990050577,-0.2519387534431416,-53.35041821773848,1.2786034473044907,0.4869580089075498,1.1231532489877625,-18.84294019600526
2022-11-09 22:30:00,0.0262686634211963,0.0195277805577234,-0.020372849064173693,0.1080526463336184,-111.63050707520595,0.7344720663186308,-0.1367090493399416,-0.1971147492237861,4.352551263762962
2022-11-09 22:40:00,0.025804638534024,-0.0014273823589974,0.03624480071049874,-0.0838468941995529,-24.052982666329623,0.3031143411561317,0.4486445892739681,0.2250292271303209,1.7954846740170751
2022-11-09 22:50:00,0.0258641099372016,0.0121981394706836,-0.012274437861286458,0.1018974854986467,-68.4284978175674,0.5216853597317055,-0.2486290617558282,-0.9520109889994756,11.331519739920909
2022-11-09 23:00:00,0.0258620996822247,0.0266085794155515,-0.0016076769407789016,0.00164068262238,-103.04412481643884,0.5840532983902307,-0.2485043515642999,-0.0011865778877364,-2.820977076050156
2022-11-09 23:10:00,0.0206634444648379,-0.0906788778239615,0.06213733665022403,-0.1177115069436993,-0.6331622477664496,-0.0059430851196822,-0.1373670222490872,-0.6462966885989232,-12.120576839864611
2022-11-09 23:20:00,0.0235444317113384,0.0835302811237852,-0.03711664093771816,0.0993004997578808,-69.517712318142,-0.1846724933134709,-0.021910243754462,-0.363887240810584,6.757881227349742
2022-11-09 23:30:00,0.0229977426621215,-0.1187823372441698,0.026844633626481595,-0.1080377638670953,-88.56452728848308,-0.3833333840097808,-0.8031360032996844,-0.7329755170271994,1.0993482935637644
2022-11-09 23:40:00,0.0215800660886948,0.100340449481223,0.0006334647819308259,0.06428572904084,27.108489603033377,-0.1191856554626795,-0.1126054012263324,-0.2686011980610061,-0.9929427475160536
2022-11-09 23:50:00,0.026267838416738,0.0254701130288594,-0.08958714473999407,0.2951107957117358,-26.81671193116199,-0.5116538733106708,-0.7259865940972077,-0.4612923260607999,-1.9688685483207
2022-11-10 00:00:00,0.0172172133764076,0.0517603061559839,-0.08467093107314483,0.1579001417271541,-117.64567299871489,-0.1748234918296205,-1.135060458652795,-0.9141346123806926,13.524745257190148
2022-11-10 00:10:00,0.0185395887113024,0.0402576560226179,0.08221851638635158,-0.0632698930851205,-45.004051912299474,-1.145270909851419,-1.3310581189122672,-1.2462653161864663,4.08689494720943
2022-11-10 00:20:00,0.0227999609662501,-0.044869210717934,-0.06568516966213167,0.0993679856354106,-32.15454476384912,-0.7455601978491302,-0.3883540363889324,-0.5866298678872539,9.8077016439928
2022-11-10 00:30:00,0.0108465653438802,0.0288648074340471,-0.05064548382152623,0.0910251701029452,-9.937381697120143,-1.3562650335252755,-1.3362751986339134,-1.494303734886728,-2.841923389324677
2022-11-10 00:40:00,0.0129232534717711,0.0237430161666907,0.07939739016642022,-0.0598298727335588,-86.1535151443968,-0.964658554791434,-1.301170516790691,-1.0095619267805347,-3.972442401862168
2022-11-10 00:50:00,0.019050902430052,-0.0539205143204526,-0.00968983211246055,-0.0559976840016034,-6.278549121550896,-1.2936838235715695,-0.7138978445235153,-0.7979388504685403,-7.375818414446655
2022-11-10 01:00:00,0.0099090026716648,0.0019355325640617,0.020645596177633507,0.0578233665248291,-49.78827155135514,-1.094561022197837,-1.3837751393954107,-0.8104965826591126,10.151974605626664
2022-11-10 01:10:00,0.0124190290729304,0.0136769476529252,-0.0043861191517819975,0.086959541977194,-67.2429745683985,-1.2739799015522024,-0.9009788902753684,-0.9937720284913354,-7.499483338578841
2022-11-10 01:20:00,0.0048182154614551,0.0544814832106794,-0.05020808265786769,0.0419357730553429,20.52221757513325,-1.1184178974233203,-0.3890216372801376,-0.7884113138820936,-7.357694200035155
2022-11-10 01:30:00,0.0118775672178381,-0.0661659289572753,0.04574794166985541,-0.0804162254214517,-64.80400660929445,-0.9998317989858378,-0.6188231765600563,-0.6871555120072088,-11.936080040275328
2022-11-10 01:40:00,0.0118826209158882,0.0679568908396959,0.006417102127478813,0.0298702322375561,-64.53934110822956,-1.5377116826937396,-1.844786128669611,-1.715623730694702,-6.586992260956379
2022-11-10 01:50:00,0.0024423606377033,-0.0036239612683175,-0.025761694208945585,0.0272081512844692,-12.552576044810849,-0.9157229079803316,-1.299729667020678,-1.0100149344012408,13.909022137398097
2022-11-10 02:00:00,0.0095539605038632,-0.0325260006979988,-0.06005439616141928,0.2227734113883741,-50.97377082633102,-1.122252199249388,-0.4480819353745175,-1.299900327074404,-4.867543713250086
2022-11-10 02:10:00,0.0143613967294808,-0.061575202754966,-0.4119747443338788,0.8142563259067686,180.34871175898297,-0.978834163841519,-0.4663072599469231,-0.3177475076112372,-1.711118508121558
2022-11-10 02:20:00,0.0090236866712181,0.0673413885480158,0.02979904299790448,-0.0263939700724051,-73.1297085049082,-1.2555659082538355,-0.9455567851805498,-0.7547969153455938,-2.6721871521399976
2022-11-10 02:30:00,0.0041441719019896,0.0606339755107683,-0.14485468024211556,0.3364742320424483,31.68875682394355,-1.142665521771157,-0.6794507924448538,-1.2394188686017031,3.684927523221404
2022-11-10 02:40:00,0.0051864185472976,0.0052902198701758,-0.3007102592687474,0.5011979857646054,45.208184227201855,-0.9727194784558292,-0.7788148341651464,-0.7784190802102913,3.852765909241157
2022-11-10 02:50:00,0.0060345390044278,0.0634557131816109,0.13189831103976601,-0.1798895184164308,-17.308959444115317,-0.5624310571453677,-0.1486356037270155,-0.4862361278228064,-11.691867739200577
2022-11-10 03:00:00,0.0087397124121431,-0.0258503216618919,-0.11582692196286715,0.3127057268068327,-27.01448276474548,-0.5046039790034911,-0.1299671181706543,-0.1490037246103099,20.01482684209617
2022-11-10 03:10:00,0.0039329158329284,-0.008715123287402,-0.0973460847833536,0.2289951111930221,38.68290385098226,-0.5911036853839775,-0.3080796936207335,-0.6976839139490778,-12.19442789831112
2022-11-10 03:20:00,-0.0019405842902762,-0.0114567218610091,0.14759313133206575,-0.0636996341773539,51.10166374529945,-0.4912595069835674,-0.0254440758306628,-0.35029868103301,9.265873252613062
2022-11-10 03:30:00,0.0132787222849302,0.0360160176011277,-0.05524708217932783,0.242333487424375,78.48796208685599,-0.6224368034764751,-0.8130114479661614,-0.7953490511884098,5.299439355098116
2022-11-10 03:40:00,0.0077436613421022,0.0369827899006622,-0.10143662818199317,0.2232427024698822,-54.311604823011294,-0.2935445535451464,0.0344074955438102,-0.2633836111409735,-2.0148194071840635
2022-11-10 03:50:00,-0.0025134329283751,0.0659197187378595,0.19992598954739194,-0.1301957861616571,58.69457929692726,-0.5732852241529685,-1.19838439017159,-1.4248235604277897,-10.595720029741813
2022-11-10 04:00:00,0.005772456980049,-0.0082365708933593,-0.041632769353839194,0.1183400246888624,4.606067774544499,-0.602624499355251,-0.2728766338040884,-0.0327508682653601,-7.098795503963061
2022-11-10 04:10:00,0.0001296270285933,0.103293484906203,0.23731908966133375,-0.3438410879787028,19.37550467128676,-0.0808031073754662,-0.3272396043579206,-0.4807648991211053,-11.61049559687268
2022-11-10 04:20:00,0.007632136840026,0.0511017323299256,0.26184954926834436,-0.1548741782436806,15.640341038619226,-0.4493141315821418,-0.5319538618790176,-0.4265433807134968,18.51579237605631
2022-11-10 04:30:00,0.0013409228179057,0.0124864236529447,0.160775468520292,-0.1572652002735566,-44.35519212012514,-0.3997970086993234,0.020088666076603,0.2136520770087386,-6.610784454070483
